Recd#,File_Name,EQID,SN,EQ#,R#,ST,FM,Mw,fDepth,SDist,Vdist,Rjb,Rx,SC,TVS30,Ts1,ImpR1,Ts2,ImpR2,Sa(gal),NWiD,Sa(g),staLon,staLat,ELon,ELat
9146,CHBH141103191856,201103191856E,CHBH14,218,1,1,3,5.86,5.4,119,0,118.9,1000,4,0.598,1.002,5.64,0.976,5.64,4.19E+01,Kik,4.27E-02,140.823,35.7342,140.572,36.784
9147,FKS0011103191856,201103191856E,FKS001,218,2,1,3,5.86,5.4,116.7,0,116.6,1000,2,0.352,0.396,3.54,0.275,4.64,4.95E+01,Knet,5.05E-02,140.9196,37.7949,140.572,36.784
9148,FKS0021103191856,201103191856E,FKS002,218,3,1,3,5.86,5.4,118.1,25.6,118,1000,1,0.229,0.194,3.7,0.121,5.62,4.18E+01,Knet,4.26E-02,140.6013,37.8449,140.572,36.784
9149,FKS0041103191856,201103191856E,FKS004,218,4,1,3,5.86,5.4,100.8,0,100.7,1000,2,0.274,0.26,3.7,0.165,5.62,6.82E+01,Knet,6.95E-02,140.7346,37.6799,140.572,36.784
9150,FKS0051103191856,201103191856E,FKS005,218,5,1,3,5.86,5.4,102,0,101.9,1000,1,0.228,0.193,3.7,0.12,5.62,4.57E+01,Knet,4.66E-02,140.9849,37.6385,140.572,36.784
9151,FKS0061103191856,201103191856E,FKS006,218,6,1,3,5.86,5.4,81.8,0,81.7,1000,2,0.336,0.35,3.54,0.243,4.64,1.43E+02,Knet,1.45E-01,140.7588,37.5031,140.572,36.784
9152,FKS0081103191856,201103191856E,FKS008,218,7,1,3,5.86,5.4,72.7,0,72.5,1000,2,0.265,0.247,3.7,0.157,5.62,7.50E+01,Knet,7.64E-02,140.5668,37.4363,140.572,36.784
9153,FKS0091103191856,201103191856E,FKS009,218,8,1,3,5.86,5.4,55.5,0,55.2,1000,2,0.287,0.28,3.7,0.178,5.62,4.35E+01,Knet,4.43E-02,140.6349,37.2778,140.572,36.784
9154,FKS0101103191856,201103191856E,FKS010,218,9,1,3,5.86,5.4,63.2,0,62.9,1000,2,0.259,0.238,3.7,0.15,5.62,1.10E+02,Knet,1.12E-01,141.0016,37.2342,140.572,36.784
9155,FKS0111103191856,201103191856E,FKS011,218,10,1,3,5.86,5.4,45.4,0,45.1,1000,2,0.285,0.277,3.7,0.176,5.62,5.06E+01,Knet,5.15E-02,140.9035,37.0911,140.572,36.784
9156,FKS0141103191856,201103191856E,FKS014,218,11,1,3,5.86,5.4,18.7,0,17.9,1000,1,0.215,0.133,3.7,0.108,5.62,1.00E+02,Knet,1.02E-01,140.4166,36.8864,140.572,36.784
9157,FKS0151103191856,201103191856E,FKS015,218,12,1,3,5.86,5.4,32,0,31.6,1000,1,0.192,0.141,3.7,0.085,5.62,6.09E+01,Knet,6.21E-02,140.3775,37.0217,140.572,36.784
9158,FKS0191103191856,201103191856E,FKS019,218,13,1,3,5.86,5.4,92,35.3,91.9,1000,2,0.314,0.326,3.54,0.225,4.64,1.29E+02,Knet,1.31E-01,140.4368,37.603,140.572,36.784
9159,FKS0251103191856,201103191856E,FKS025,218,14,1,3,5.86,5.4,83.6,48.9,83.4,1000,1,0.206,0.161,3.7,0.098,5.62,2.29E+01,Knet,2.33E-02,139.9,37.3077,140.572,36.784
9160,FKS0271103191856,201103191856E,FKS027,218,15,1,3,5.86,5.4,85.5,51.9,85.4,1000,1,0.192,0.14,3.7,0.084,5.62,1.73E+01,Knet,1.76E-02,139.6808,37.07,140.572,36.784
9161,FKS0291103191856,201103191856E,FKS029,218,16,1,3,5.86,5.4,109.2,74.7,109.1,1000,1,0.244,0.161,3.54,0.218,4.64,1.07E+01,Knet,1.09E-02,139.3801,37.0159,140.572,36.784
9162,FKS0311103191856,201103191856E,FKS031,218,17,1,3,5.86,5.4,65.2,0,65,1000,1,0.197,0.148,3.7,0.09,5.62,6.06E+01,Knet,6.17E-02,140.8132,37.3364,140.572,36.784
9163,FKSH021103191856,201103191856E,FKSH02,218,18,1,3,5.86,5.4,121.9,82.9,121.8,1000,2,0.236,0.358,1.61,0.54,1.69,3.53E+01,Kik,3.60E-02,139.8821,37.7317,140.572,36.784
9164,FKSH031103191856,201103191856E,FKSH03,218,19,1,3,5.86,5.4,117,80.8,116.9,1000,4,0.343,0.976,1.85,0.976,2.18,2.47E+01,Kik,2.51E-02,139.7533,37.6078,140.572,36.784
9165,FKSH041103191856,201103191856E,FKSH04,218,20,1,3,5.86,5.4,100.3,65,100.2,1000,4,0.488,0.801,1.91,1.111,1.9,3.09E+01,Kik,3.15E-02,139.8126,37.4508,140.572,36.784
9166,FKSH051103191856,201103191856E,FKSH05,218,21,1,3,5.86,5.4,81.3,47.2,81.1,1000,1,0.201,0.153,4.79,0.153,4.79,4.50E+01,Kik,4.59E-02,139.8725,37.2544,140.572,36.784
9167,FKSH061103191856,201103191856E,FKSH06,218,22,1,3,5.86,5.4,103.1,66.7,102.9,1000,1,0.176,0.116,2.91,0.116,2.91,1.59E+01,Kik,1.62E-02,139.5199,37.1723,140.572,36.784
9168,FKSH071103191856,201103191856E,FKSH07,218,23,1,3,5.86,5.4,109.4,74.8,109.3,1000,1,0.145,0.071,5.36,0.071,5.36,9.47E+00,Kik,9.65E-03,139.3755,37.0103,140.572,36.784
9169,FKSH081103191856,201103191856E,FKSH08,218,24,1,3,5.86,5.4,64.1,24.8,63.8,1000,1,0.213,0.116,3.25,0.293,2.25,6.24E+01,Kik,6.36E-02,140.2144,37.2822,140.572,36.784
9170,FKSH091103191856,201103191856E,FKSH09,218,25,1,3,5.86,5.4,64.8,12.9,64.6,1000,1,0.205,0.164,7.9,0.164,7.9,3.29E+01,Kik,3.35E-02,140.4264,37.353,140.572,36.784
9171,FKSH101103191856,201103191856E,FKSH10,218,26,1,3,5.86,5.4,60.1,25.2,59.8,1000,1,0.246,0.181,2.4,0.256,2.2,4.00E+02,Kik,4.08E-01,140.093,37.1616,140.572,36.784
9172,FKSH111103191856,201103191856E,FKSH11,218,27,1,3,5.86,5.4,51.1,8.9,50.8,1000,3,0.5,0.564,4.95,0.561,4.95,1.22E+02,Kik,1.24E-01,140.3386,37.2006,140.572,36.784
9173,FKSH121103191856,201103191856E,FKSH12,218,28,1,3,5.86,5.4,48.5,0,48.1,1000,2,0.268,0.244,3.77,0.244,3.77,2.41E+02,Kik,2.45E-01,140.5703,37.2169,140.572,36.784
9174,FKSH141103191856,201103191856E,FKSH14,218,29,1,3,5.86,5.4,44.8,0,44.5,1000,4,0.507,0.822,4.07,0.822,4.07,1.04E+02,Kik,1.06E-01,140.9702,37.0264,140.572,36.784
9175,FKSH161103191856,201103191856E,FKSH16,218,30,1,3,5.86,5.4,110.5,55.7,110.3,1000,1,0.226,0.089,4.22,1.015,1.52,3.33E+01,Kik,3.40E-02,140.3766,37.7643,140.572,36.784
9176,FKSH171103191856,201103191856E,FKSH17,218,31,1,3,5.86,5.4,98,5,97.9,1000,1,0.221,0.133,6.11,0.133,6.11,6.12E+01,Kik,6.24E-02,140.5974,37.6636,140.572,36.784
9177,FKSH181103191856,201103191856E,FKSH18,218,32,1,3,5.86,5.4,78.6,9.9,78.5,1000,2,0.391,0.391,3.91,0.391,3.91,1.54E+02,Kik,1.57E-01,140.538,37.4894,140.572,36.784
9178,FKSH191103191856,201103191856E,FKSH19,218,33,1,3,5.86,5.4,77.6,0,77.4,1000,2,0.355,0.314,3.8,0.396,7.58,6.77E+01,Kik,6.90E-02,140.7227,37.4703,140.572,36.784
9179,FKSH211103191856,201103191856E,FKSH21,218,34,1,3,5.86,5.4,127.7,85.5,127.6,1000,3,0.329,0.508,1.97,0.56,3.69,3.43E+01,Kik,3.50E-02,139.3147,37.3421,140.572,36.784
9180,GNM0011103191856,201103191856E,GNM001,218,35,1,3,5.86,5.4,120.1,81.2,120,1000,1,0.232,0.199,3.7,0.123,5.62,2.85E+01,Knet,2.90E-02,139.2248,36.7722,140.572,36.784
9181,GNM0041103191856,201103191856E,GNM004,218,36,1,3,5.86,5.4,177.6,133.8,177.5,1000,2,0.322,0.329,3.54,0.227,4.64,1.45E+01,Knet,1.48E-02,138.5918,36.6172,140.572,36.784
9182,GNM0061103191856,201103191856E,GNM006,218,37,1,3,5.86,5.4,165.3,115.8,165.2,1000,2,0.285,0.276,3.7,0.176,5.62,4.23E+01,Knet,4.31E-02,138.7523,36.5103,140.572,36.784
9183,GNM0141103191856,201103191856E,GNM014,218,38,1,3,5.86,5.4,172.4,112.6,172.3,1000,2,0.312,0.255,3.7,0.131,5.62,1.78E+01,Knet,1.81E-02,138.7211,36.3467,140.572,36.784
9184,GNM0161103191856,201103191856E,GNM016,218,39,1,3,5.86,5.4,165.1,65.1,165,1000,2,0.243,0.246,3.7,0.156,5.62,2.41E+01,Knet,2.46E-02,138.9251,36.1162,140.572,36.784
9185,GNMH071103191856,201103191856E,GNMH07,218,40,1,3,5.86,5.4,121.8,79.7,121.7,1000,1,0.185,0.05,5,0.18,2.41,2.02E+01,Kik,2.05E-02,139.2104,36.6998,140.572,36.784
9186,GNMH081103191856,201103191856E,GNMH08,218,41,1,3,5.86,5.4,185.7,137,185.6,1000,4,0.354,1.237,2.34,1.237,2.34,2.98E+01,Kik,3.03E-02,138.5244,36.4917,140.572,36.784
9187,GNMH111103191856,201103191856E,GNMH11,218,42,1,3,5.86,5.4,157.7,86.5,157.6,1000,2,0.285,0.328,1.91,0.499,1.73,4.40E+01,Kik,4.48E-02,138.921,36.2862,140.572,36.784
9188,GNMH121103191856,201103191856E,GNMH12,218,43,1,3,5.86,5.4,164.6,71.7,164.5,1000,2,0.295,0.268,3.66,0.268,3.66,1.13E+02,Kik,1.15E-01,138.9129,36.144,140.572,36.784
9189,GNMH131103191856,201103191856E,GNMH13,218,44,1,3,5.86,5.4,134.7,98,134.6,1000,3,0.371,0.529,2.54,0.529,2.54,1.73E+01,Kik,1.76E-02,139.0627,36.862,140.572,36.784
9190,GNMH141103191856,201103191856E,GNMH14,218,45,1,3,5.86,5.4,116.3,56.9,116.1,1000,1,0.122,0.057,1.79,0.057,1.79,2.47E+01,Kik,2.51E-02,139.3219,36.4931,140.572,36.784
9191,IBR0011103191856,201103191856E,IBR001,218,46,1,3,5.86,5.4,19.9,0,19.2,1000,3,0.439,0.499,3.54,0.35,4.64,2.09E+02,Knet,2.13E-01,140.3569,36.7761,140.572,36.784
9192,IBR0021103191856,201103191856E,IBR002,218,47,1,3,5.86,5.4,15.8,0,14.8,1000,2,0.308,0.309,3.54,0.213,4.64,7.87E+02,Knet,8.02E-01,140.7068,36.7061,140.572,36.784
9193,IBR0031103191856,201103191856E,IBR003,218,48,1,3,5.86,5.4,23,0,22.3,1000,3,0.385,0.491,3.54,0.344,4.64,9.48E+02,Knet,9.66E-01,140.6453,36.5915,140.572,36.784
9194,IBR0041103191856,201103191856E,IBR004,218,49,1,3,5.86,5.4,30.1,0,29.6,1000,3,0.369,0.402,3.7,0.19,5.62,8.94E+02,Knet,9.12E-01,140.4102,36.5516,140.572,36.784
9195,IBR0051103191856,201103191856E,IBR005,218,50,1,3,5.86,5.4,53.8,0,53.5,1000,2,0.34,0.379,3.54,0.263,4.64,5.15E+02,Knet,5.25E-01,140.2372,36.3851,140.572,36.784
9196,IBRH101103191856,201103191856E,IBRH10,218,51,1,3,5.86,5.4,91.4,0,91.2,1000,4,0.833,4.177,2.13,4.625,5.25,2.18E+02,Kik,2.22E-01,139.9889,36.1112,140.572,36.784
9197,IBRH111103191856,201103191856E,IBRH11,218,52,1,3,5.86,5.4,60.3,0,60.1,1000,3,0.495,0.495,8.66,0.495,8.66,5.45E+02,Kik,5.55E-01,140.1401,36.3701,140.572,36.784
9198,IBRH121103191856,201103191856E,IBRH12,218,53,1,3,5.86,5.4,24,0,23.4,1000,2,0.247,0.2,2.13,0.379,2.09,4.74E+02,Kik,4.83E-01,140.3181,36.8369,140.572,36.784
9199,IBRH131103191856,201103191856E,IBRH13,218,54,1,3,5.86,5.4,5.6,0,1.4,1000,2,0.358,0.384,2.97,0.384,2.97,2.14E+03,Kik,2.18E+00,140.575,36.7955,140.572,36.784
9200,IBRH141103191856,201103191856E,IBRH14,218,55,1,3,5.86,5.4,11.8,0,10.5,1000,1,0.145,0.103,4.87,0.103,4.87,3.40E+02,Kik,3.47E-01,140.5484,36.6922,140.572,36.784
9201,IBRH151103191856,201103191856E,IBRH15,218,56,1,3,5.86,5.4,35.4,0,34.9,1000,1,0.266,0.112,4.32,0.166,2.5,1.88E+02,Kik,1.92E-01,140.3013,36.5566,140.572,36.784
9202,IBRH161103191856,201103191856E,IBRH16,218,57,1,3,5.86,5.4,22.9,0,22.2,1000,1,0.192,0.14,4.09,0.14,4.09,6.20E+02,Kik,6.32E-01,140.3976,36.6405,140.572,36.784
9203,IBRH171103191856,201103191856E,IBRH17,218,58,1,3,5.86,5.4,81.2,0,81,1000,4,0.399,3.226,1.74,3.61,4.51,1.58E+02,Kik,1.61E-01,140.314,36.0864,140.572,36.784
9204,IBRH181103191856,201103191856E,IBRH18,218,59,1,3,5.86,5.4,47.3,0,47,1000,1,0.215,0.139,1.83,0.215,1.97,4.81E+02,Kik,4.91E-01,140.6198,36.3631,140.572,36.784
9205,IBRH191103191856,201103191856E,IBRH19,218,60,1,3,5.86,5.4,76.9,0,76.7,1000,1,0.173,0.08,10,0.067,10,7.03E+01,Kik,7.16E-02,140.0893,36.2137,140.572,36.784
9206,IBRH201103191856,201103191856E,IBRH20,218,61,1,3,5.86,5.4,107.4,0,107.3,1000,4,0.492,3.864,2.08,4.4,2.84,1.06E+02,Kik,1.08E-01,140.7323,35.8284,140.572,36.784
9207,KNG0061103191856,201103191856E,KNG006,218,62,1,3,5.86,5.4,174.7,0,174.6,1000,2,0.312,0.353,3.54,0.245,4.64,3.18E+01,Knet,3.24E-02,139.5387,35.4544,140.572,36.784
9208,KNGH181103191856,201103191856E,KNGH18,218,63,1,3,5.86,5.4,181.3,0,181.2,1000,2,0.309,0.325,2.01,0.436,2.42,2.22E+01,Kik,2.26E-02,139.1283,35.6437,140.572,36.784
9209,MYG0091103191856,201103191856E,MYG009,218,64,1,3,5.86,5.4,187.1,54.6,187,1000,1,0.222,0.184,3.7,0.115,5.62,1.34E+01,Knet,1.36E-02,140.8874,38.4466,140.572,36.784
9210,MYG0131103191856,201103191856E,MYG013,218,65,1,3,5.86,5.4,167.9,0,167.8,1000,3,0.383,0.457,3.54,0.319,4.64,3.24E+01,Knet,3.31E-02,140.9293,38.2663,140.572,36.784
9211,MYG0141103191856,201103191856E,MYG014,218,66,1,3,5.86,5.4,170.8,71.6,170.7,1000,2,0.287,0.279,3.7,0.178,5.62,5.25E+01,Knet,5.35E-02,140.6357,38.3177,140.572,36.784
9212,MYGH081103191856,201103191856E,MYGH08,218,67,1,3,5.86,5.4,149.8,8.1,149.7,1000,3,0.59,0.555,1.43,0.615,1.79,1.68E+01,Kik,1.71E-02,140.8441,38.1133,140.572,36.784
9213,MYGH091103191856,201103191856E,MYGH09,218,68,1,3,5.86,5.4,136.4,44.7,136.2,1000,3,0.335,0.4,2.03,0.618,1.93,3.15E+01,Kik,3.21E-02,140.6027,38.0091,140.572,36.784
9214,MYGH101103191856,201103191856E,MYGH10,218,69,1,3,5.86,5.4,131.8,0,131.7,1000,4,0.345,0.929,1.56,0.926,2.03,6.54E+01,Kik,6.66E-02,140.8924,37.9411,140.572,36.784
9215,NIG0121103191856,201103191856E,NIG012,218,70,1,3,5.86,5.4,139.6,82,139.5,1000,3,0.412,0.499,3.54,0.35,4.64,1.38E+01,Knet,1.41E-02,139.4772,37.6863,140.572,36.784
9216,NIGH041103191856,201103191856E,NIGH04,218,71,1,3,5.86,5.4,175.3,83.9,175.2,1000,4,0.306,0.823,1.61,0.677,2.12,1.02E+01,Kik,1.04E-02,139.5428,38.1313,140.572,36.784
9217,NIGH061103191856,201103191856E,NIGH06,218,72,1,3,5.86,5.4,164.6,83.2,164.5,1000,4,0.357,0.752,4.22,0.222,5.56,2.41E+01,Kik,2.46E-02,139.0676,37.6527,140.572,36.784
9218,NIGH091103191856,201103191856E,NIGH09,218,73,1,3,5.86,5.4,153.1,83.9,153,1000,2,0.259,0.353,1.69,0.508,2.19,8.54E+00,Kik,8.70E-03,139.1279,37.5386,140.572,36.784
9219,NIGH191103191856,201103191856E,NIGH19,218,74,1,3,5.86,5.4,159.2,121.7,159.2,1000,1,0.192,0.112,1.6,0.312,2.33,1.12E+01,Kik,1.14E-02,138.7849,36.8114,140.572,36.784
9220,SIT0041103191856,201103191856E,SIT004,218,75,1,3,5.86,5.4,150.8,29,150.7,1000,2,0.351,0.395,3.54,0.275,4.64,2.25E+01,Knet,2.30E-02,139.1045,36.1179,140.572,36.784
9221,SIT0051103191856,201103191856E,SIT005,218,76,1,3,5.86,5.4,142.5,0,142.4,1000,2,0.348,0.368,3.54,0.255,4.64,2.42E+01,Knet,2.47E-02,139.2626,36.0562,140.572,36.784
9222,SIT0061103191856,201103191856E,SIT006,218,77,1,3,5.86,5.4,160.6,0,160.5,1000,1,0.183,0.086,3.7,0.106,5.62,3.78E+01,Knet,3.85E-02,139.0709,35.9954,140.572,36.784
9223,SIT0071103191856,201103191856E,SIT007,218,78,1,3,5.86,5.4,133.4,0,133.3,1000,1,0.229,0.103,3.7,0.125,5.62,3.50E+01,Knet,3.57E-02,139.3912,36.054,140.572,36.784
9224,SIT0121103191856,201103191856E,SIT012,218,79,1,3,5.86,5.4,153.6,0,153.5,1000,1,0.168,0.106,3.7,0.124,5.62,1.36E+01,Knet,1.39E-02,139.3215,35.8401,140.572,36.784
9225,SIT0131103191856,201103191856E,SIT013,218,80,1,3,5.86,5.4,148,0,147.9,1000,2,0.402,0.335,3.54,0.372,4.64,5.02E+01,Knet,5.12E-02,139.4659,35.7965,140.572,36.784
9226,SIT0141103191856,201103191856E,SIT014,218,81,1,3,5.86,5.4,181.3,63.9,181.2,1000,2,0.319,0.326,3.54,0.225,4.64,1.11E+01,Knet,1.13E-02,138.801,35.9954,140.572,36.784
9227,SITH051103191856,201103191856E,SITH05,218,82,1,3,5.86,5.4,153.3,49.3,153.2,1000,1,0.179,0.08,5.25,0.08,5.25,1.77E+01,Kik,1.81E-02,139.0504,36.1509,140.572,36.784
9228,SITH061103191856,201103191856E,SITH06,218,83,1,3,5.86,5.4,137,0,136.9,1000,3,0.325,0.432,2.31,0.419,2.31,6.19E+01,Kik,6.31E-02,139.2894,36.1131,140.572,36.784
9229,SITH071103191856,201103191856E,SITH07,218,84,1,3,5.86,5.4,160.2,0,160.1,1000,1,0.17,0.082,2.57,0.082,2.57,1.45E+01,Kik,1.48E-02,139.1485,35.9118,140.572,36.784
9230,SITH081103191856,201103191856E,SITH08,218,85,1,3,5.86,5.4,166.4,34.1,166.3,1000,1,0.231,0.176,4.84,0.176,4.84,2.30E+01,Kik,2.34E-02,138.9691,36.0274,140.572,36.784
9231,SITH091103191856,201103191856E,SITH09,218,86,1,3,5.86,5.4,153.8,14.2,153.7,1000,1,0.131,0.077,3.72,0.077,3.72,1.14E+01,Kik,1.16E-02,139.0993,36.0715,140.572,36.784
9232,SITH101103191856,201103191856E,SITH10,218,87,1,3,5.86,5.4,149.6,0,149.5,1000,1,0.221,0.17,6.17,0.17,6.17,1.81E+01,Kik,1.84E-02,139.2191,35.9964,140.572,36.784
9233,SITH111103191856,201103191856E,SITH11,218,88,1,3,5.86,5.4,155,0,154.9,1000,2,0.323,0.265,5.08,0.259,5.08,1.31E+02,Kik,1.33E-01,139.2726,35.8637,140.572,36.784
9234,TCG0011103191856,201103191856E,TCG001,218,89,1,3,5.86,5.4,47.2,13.5,46.9,1000,1,0.212,0.178,3.7,0.11,5.62,5.09E+01,Knet,5.18E-02,140.0828,36.9417,140.572,36.784
9235,TCG0021103191856,201103191856E,TCG002,218,90,1,3,5.86,5.4,72.3,38.4,72.1,1000,1,0.205,0.167,3.7,0.103,5.62,3.26E+01,Knet,3.32E-02,139.8033,36.99,140.572,36.784
9236,TCG0071103191856,201103191856E,TCG007,218,91,1,3,5.86,5.4,65.9,0,65.7,1000,1,0.209,0.166,3.7,0.102,5.62,7.78E+01,Knet,7.93E-02,139.8861,36.5692,140.572,36.784
9237,TCG0111103191856,201103191856E,TCG011,218,92,1,3,5.86,5.4,96.3,0,96.2,1000,1,0.236,0.15,3.7,0.159,5.62,7.20E+01,Knet,7.34E-02,139.6145,36.3867,140.572,36.784
9238,TCG0141103191856,201103191856E,TCG014,218,93,1,3,5.86,5.4,44.7,0,44.3,1000,2,0.272,0.303,3.7,0.194,5.62,5.22E+02,Knet,5.33E-01,140.1742,36.545,140.572,36.784
9239,TCGH071103191856,201103191856E,TCGH07,218,94,1,3,5.86,5.4,100.3,64.3,100.2,1000,2,0.286,0.253,2.76,0.294,2.87,8.20E+01,Kik,8.35E-02,139.4534,36.8817,140.572,36.784
9240,TCGH091103191856,201103191856E,TCGH09,218,95,1,3,5.86,5.4,66.3,30.5,66.1,1000,2,0.256,0.233,2.55,0.233,2.55,4.07E+01,Kik,4.15E-02,139.8364,36.8625,140.572,36.784
9241,TCGH101103191856,201103191856E,TCGH10,218,96,1,3,5.86,5.4,49.9,14.4,49.6,1000,3,0.323,0.515,1.76,0.515,2.14,1.70E+02,Kik,1.73E-01,140.0225,36.8578,140.572,36.784
9242,TCGH111103191856,201103191856E,TCGH11,218,97,1,3,5.86,5.4,72.3,27.6,72,1000,2,0.365,0.329,3.13,0.316,3.13,1.63E+02,Kik,1.66E-01,139.7694,36.7084,140.572,36.784
9243,TCGH121103191856,201103191856E,TCGH12,218,98,1,3,5.86,5.4,53.6,3.9,53.3,1000,4,0.349,0.742,1.79,0.841,2.02,1.71E+02,Kik,1.74E-01,139.9842,36.6959,140.572,36.784
9244,TCGH131103191856,201103191856E,TCGH13,218,99,1,3,5.86,5.4,35.9,0,35.5,1000,1,0.209,0.107,5.6,0.145,3.17,5.72E+02,Kik,5.83E-01,140.1781,36.7342,140.572,36.784
9245,TCGH141103191856,201103191856E,TCGH14,218,100,1,3,5.86,5.4,89.4,28.3,89.2,1000,1,0.141,0.058,3.78,0.058,3.78,6.11E+01,Kik,6.23E-02,139.6154,36.5509,140.572,36.784
9246,TCGH151103191856,201103191856E,TCGH15,218,101,1,3,5.86,5.4,68.1,0,67.9,1000,2,0.284,0.251,2.57,1.148,1.43,2.00E+02,Kik,2.04E-01,139.8637,36.5595,140.572,36.784
9247,TCGH161103191856,201103191856E,TCGH16,218,102,1,3,5.86,5.4,51.8,0,51.5,1000,4,0.563,1.191,2.15,1.017,2.82,5.31E+02,Kik,5.42E-01,140.0751,36.548,140.572,36.784
9248,TKY0011103191856,201103191856E,TKY001,218,103,1,3,5.86,5.4,171.5,0,171.5,1000,2,0.252,0.296,3.7,0.19,5.62,2.23E+01,Knet,2.27E-02,139.0956,35.8029,140.572,36.784
9249,TKYH121103191856,201103191856E,TKYH12,218,104,1,3,5.86,5.4,170.6,0,170.6,1000,3,0.368,0.6,2.57,0.6,2.57,2.64E+01,Kik,2.69E-02,139.265,35.6701,140.572,36.784
9250,TKYH131103191856,201103191856E,TKYH13,218,105,1,3,5.86,5.4,176.8,0,176.8,1000,1,0.108,0.031,11.54,0.031,11.54,7.60E+00,Kik,7.74E-03,139.1275,35.7017,140.572,36.784
9251,YMNH111103191856,201103191856E,YMNH11,218,106,1,3,5.86,5.4,192.6,0,192.5,1000,3,0.407,0.423,3.39,0.423,3.39,2.29E+01,Kik,2.34E-02,138.9777,35.6247,140.572,36.784
9252,YMT0071103191856,201103191856E,YMT007,218,107,1,3,5.86,5.4,183.9,123.6,183.8,1000,2,0.265,0.247,3.7,0.157,5.62,1.09E+01,Knet,1.11E-02,140.3907,38.4306,140.572,36.784
9253,YMT0081103191856,201103191856E,YMT008,218,108,1,3,5.86,5.4,185.4,136.3,185.3,1000,2,0.3,0.298,3.7,0.19,5.62,1.10E+01,Knet,1.12E-02,139.9921,38.3856,140.572,36.784
9254,YMT0101103191856,201103191856E,YMT010,218,109,1,3,5.86,5.4,165.4,107.8,165.3,1000,2,0.229,0.24,3.7,0.152,5.62,1.33E+01,Knet,1.36E-02,140.3488,38.2604,140.572,36.784
9255,YMT0111103191856,201103191856E,YMT011,218,110,1,3,5.86,5.4,154.4,101,154.3,1000,3,0.39,0.436,3.54,0.305,4.64,2.68E+01,Knet,2.73E-02,140.2674,38.1502,140.572,36.784
9256,YMT0141103191856,201103191856E,YMT014,218,111,1,3,5.86,5.4,140.9,85.9,140.8,1000,2,0.29,0.283,3.7,0.181,5.62,1.97E+01,Knet,2.01E-02,139.8697,37.9207,140.572,36.784
9257,YMT0151103191856,201103191856E,YMT015,218,112,1,3,5.86,5.4,131.5,86,131.3,1000,4,0.51,0.611,2.82,0.492,3.21,1.66E+01,Knet,1.69E-02,140.0996,37.9043,140.572,36.784
9258,YMTH021103191856,201103191856E,YMTH02,218,113,1,3,5.86,5.4,167.5,113.5,167.4,1000,4,0.456,1.528,2.31,0.851,3.04,3.36E+01,Kik,3.42E-02,140.2583,38.2693,140.572,36.784
9259,YMTH041103191856,201103191856E,YMTH04,218,114,1,3,5.86,5.4,146.3,92.3,146.2,1000,4,0.485,1.035,3.32,1.035,3.32,3.09E+01,Kik,3.15E-02,140.2978,38.0813,140.572,36.784
9260,YMTH071103191856,201103191856E,YMTH07,218,115,1,3,5.86,5.4,132.8,89.2,132.7,1000,4,0.323,0.88,1.55,0.88,1.8,1.53E+01,Kik,1.56E-02,140.0278,37.896,140.572,36.784
9261,YMTH141103191856,201103191856E,YMTH14,218,116,1,3,5.86,5.4,185.4,136.3,185.3,1000,4,0.386,0.914,2.12,0.514,2.79,1.04E+01,Kik,1.06E-02,139.9916,38.386,140.572,36.784
9262,YMTH151103191856,201103191856E,YMTH15,218,117,1,3,5.86,5.4,186.9,135.9,186.8,1000,4,0.42,0.835,2.26,0.835,2.43,8.78E+00,Kik,8.95E-03,140.1249,38.4257,140.572,36.784
