Period,c1,c2,ccr,pcr,dcr,FCRN,FUMRV,FUMNS,bcr,gcr,gUM,gcrN,gcrL,ecr,eum,ecrV,gamma,b1L,b2L,b3L,fai,tau,sigmaT,fs2s,Tb,b1,beta,TSL,theta1,theta2,b1NL,b2NL,b3NL,b4NL,b0NL,theta
0.005,-3.224,0.9,1.11,-0.04357,0.2,0.3128,-0.2024,0.2519,0.00907,-1.32364,-1.16315,-0.49919,1.26564,-0.00746,-0.01035,-0.00343,-9.32215,1.1843,2.5497,114.55293,0.556,0.398,0.683,0.346,0.2087,-1.3852,0.181,0.0216,-1.2297,-0.0652,42.2317,28.1078,75.604,-0.0836,4.89E-03,50
0.01,-3.357,0.909,1.10917,-0.04298,0.2,0.3157,-0.2143,0.2585,0.00907,-1.33279,-1.1705,-0.48684,1.24149,-0.00724,-0.0101,-0.00342,-9.21553,1.14684,2.51388,57.27646,0.555,0.401,0.685,0.346,0.2089,-1.3858,0.181,0.0216,-1.2257,-0.0652,42.1916,27.8957,37.8026,-0.0846,6.17E-04,50
0.02,-3.552,0.927,1.10897,-0.04043,0.2,0.3185,-0.2213,0.2607,0.00907,-1.34808,-1.17799,-0.44645,1.19894,-0.00708,-0.01003,-0.00341,-9.04418,0.94111,2.02518,26.85184,0.555,0.404,0.686,0.341,0.2118,-1.3921,0.182,0.021,-1.2158,-0.0661,41.8253,27.5992,18.0864,-0.0919,4.34E-03,50
0.03,-3.64,0.937,1.10455,-0.02655,0.2,0.3202,-0.2231,0.2603,0.00907,-1.34252,-1.16425,-0.42175,1.16954,-0.0074,-0.01043,-0.00344,-8.81459,0.52417,1.04783,15.27266,0.554,0.418,0.694,0.349,0.2273,-1.4231,0.184,0.0204,-1.1945,-0.0677,39.2595,26.6351,10.702,-0.0992,1.14E-02,50
0.04,-3.758,0.944,1.09436,-0.01243,0.2,0.3214,-0.2233,0.2589,0.00907,-1.29948,-1.12704,-0.42022,1.14213,-0.00815,-0.01107,-0.00349,-8.56544,0.24108,0.54032,9.63841,0.56,0.447,0.716,0.363,0.2526,-1.4457,0.195,0.02,-1.2096,-0.0668,33.4857,23.4464,6.7322,-0.1064,1.98E-02,50
0.05,-3.826,0.948,1.0831,-0.00333,0.2,0.3224,-0.223,0.2576,0.00907,-1.22054,-1.05536,-0.43576,1.14137,-0.0094,-0.01175,-0.00355,-8.46094,0.10961,0.32934,6.74351,0.566,0.472,0.737,0.376,0.2828,-1.4386,0.221,0.0196,-1.2719,-0.0621,24.6482,17.3242,4.5409,-0.1103,2.11E-02,50
0.06,-3.89,0.956,1.07274,-0.00029,0.2,0.324,-0.2223,0.2561,0.00907,-1.15256,-1.00231,-0.46789,1.15749,-0.01027,-0.01226,-0.00364,-8.39211,0.05976,0.24284,5.14011,0.579,0.488,0.757,0.4,0.3147,-1.4231,0.254,0.0197,-1.3681,-0.0569,17.7458,12.244,3.3596,-0.1094,1.59E-02,50
0.07,-3.965,0.967,1.06443,-0.00118,0.2,0.3269,-0.2215,0.2546,0.00907,-1.11006,-0.96366,-0.5026,1.18679,-0.01082,-0.0126,-0.00373,-8.37335,0.04613,0.23629,4.17571,0.602,0.499,0.782,0.42,0.3439,-1.4074,0.287,0.021,-1.4748,-0.0539,13.4607,9.0311,2.6898,-0.1062,9.26E-03,50
0.08,-4.055,0.98,1.05495,-0.0046,0.2,0.3316,-0.2205,0.253,0.00907,-1.07694,-0.93394,-0.53802,1.22338,-0.01116,-0.01283,-0.0038,-8.40981,0.04806,0.25437,3.55972,0.619,0.494,0.792,0.439,0.3704,-1.4039,0.317,0.0226,-1.5757,-0.0522,10.7376,7.0278,2.3023,-0.0979,5.20E-03,50
0.09,-4.153,0.995,1.04722,-0.01241,0.2,0.3364,-0.2196,0.2516,0.00907,-1.05562,-0.9141,-0.57301,1.26404,-0.01134,-0.01295,-0.00386,-8.50144,0.08231,0.28736,3.16059,0.633,0.484,0.797,0.454,0.3919,-1.4133,0.342,0.0247,-1.6641,-0.0518,8.964,5.7517,2.0727,-0.089,2.70E-03,50
0.1,-4.255,1.009,1.04223,-0.02195,0.2,0.341,-0.2186,0.2502,0.00909,-1.04345,-0.90205,-0.60839,1.30526,-0.01136,-0.01302,-0.00392,-8.64726,0.16482,0.33118,2.88699,0.644,0.473,0.799,0.464,0.4112,-1.4345,0.364,0.0271,-1.7389,-0.0521,7.7885,4.9165,1.922,-0.0802,8.92E-04,50
0.12,-4.466,1.04,1.04509,-0.04223,0.2,0.3456,-0.2166,0.2477,0.00958,-1.03641,-0.89255,-0.67012,1.39284,-0.01126,-0.01301,-0.00399,-9.12232,0.44974,0.43811,2.5555,0.655,0.449,0.794,0.469,0.4435,-1.4892,0.4,0.0326,-1.8509,-0.054,6.434,3.9784,1.7502,-0.0643,0.00E+00,50
0.14,-4.677,1.07,1.05422,-0.06176,0.2,0.346,-0.2147,0.2452,0.01048,-1.04606,-0.89766,-0.72524,1.4777,-0.01094,-0.01286,-0.00403,-9.61238,0.8003,0.5508,2.37937,0.656,0.426,0.783,0.458,0.473,-1.5689,0.427,0.0386,-1.9218,-0.0571,5.797,3.5775,1.6693,-0.0515,1.39E-03,50
0.15,-4.781,1.085,1.06072,-0.0709,0.2,0.345,-0.2137,0.2441,0.01092,-1.05537,-0.90329,-0.74977,1.51881,-0.01075,-0.01275,-0.00405,-9.84559,0.97436,0.6013,2.32352,0.658,0.414,0.777,0.454,0.489,-1.6137,0.439,0.0418,-1.9451,-0.0589,5.6309,3.4832,1.6478,-0.0461,3.98E-03,50
0.16,-4.883,1.1,1.06772,-0.07957,0.2,0.3435,-0.2128,0.2431,0.01137,-1.06554,-0.91064,-0.7724,1.55884,-0.01053,-0.01263,-0.00405,-10.08265,1.14093,0.6496,2.28145,0.662,0.4,0.773,0.45,0.5056,-1.6643,0.449,0.0451,-1.9618,-0.0609,5.5068,3.4235,1.6346,-0.0412,6.45E-03,50
0.18,-5.085,1.129,1.08589,-0.0955,0.2,0.3391,-0.211,0.241,0.01238,-1.08938,-0.92967,-0.81285,1.63476,-0.01008,-0.01238,-0.00405,-10.52292,1.43958,0.73985,2.22451,0.669,0.384,0.771,0.447,0.541,-1.7693,0.468,0.0519,-1.9786,-0.0655,5.3675,3.3734,1.6253,-0.0331,1.11E-02,50
0.2,-5.233,1.151,1.10334,-0.1097,0.2,0.3335,-0.2093,0.2389,0.0135,-1.11629,-0.95081,-0.84625,1.70605,-0.00964,-0.01213,-0.00403,-10.94426,1.71329,0.8223,2.17471,0.678,0.369,0.771,0.45,0.5792,-1.8709,0.482,0.0582,-1.9798,-0.0694,5.3173,3.3819,1.6309,-0.0268,1.54E-02,50
0.25,-5.229,1.151,1.15063,-0.13882,0.2,0.3169,-0.2053,0.2345,0.01617,-1.18699,-1.00839,-0.90575,1.86247,-0.0086,-0.01152,-0.00393,-11.92097,2.29657,0.99863,2.12895,0.676,0.342,0.757,0.455,0.6853,-2.1126,0.503,0.0765,-1.9364,-0.0828,5.3786,3.5308,1.6726,-0.0166,2.38E-02,50
0.3,-5.226,1.151,1.19627,-0.1613,0.2,0.2991,-0.2016,0.2305,0.01831,-1.25515,-1.06601,-0.93933,1.99162,-0.00771,-0.01097,-0.00378,-12.80678,2.83349,1.14675,2.13183,0.668,0.35,0.754,0.441,0.8026,-2.3282,0.507,0.0952,-1.8611,-0.096,5.5814,3.7576,1.7299,-0.0107,2.90E-02,50
0.35,-5.223,1.151,1.23471,-0.18055,0.2,0.2817,-0.1982,0.2267,0.0198,-1.31752,-1.1205,-0.95403,2.09823,-0.00695,-0.01048,-0.00361,-13.56995,3.32975,1.28141,2.1521,0.654,0.354,0.744,0.423,0.9312,-2.5125,0.5,0.1146,-1.7702,-0.1101,5.8274,4.0099,1.7902,-0.0071,3.27E-02,50
0.4,-5.221,1.151,1.26938,-0.19648,0.199,0.2652,-0.1951,0.2236,0.02078,-1.37326,-1.17072,-0.95484,2.1863,-0.00631,-0.01004,-0.00342,-14.23997,3.79251,1.40939,2.19507,0.646,0.364,0.742,0.413,1.0667,-2.6696,0.485,0.1358,-1.6769,-0.1261,6.0974,4.2685,1.8254,-0.0049,3.55E-02,50
0.45,-5.218,1.151,1.30079,-0.21129,0.197,0.25,-0.1922,0.2204,0.02138,-1.4227,-1.21668,-0.94513,2.25934,-0.00577,-0.00965,-0.00322,-14.84457,4.22785,1.53452,2.25055,0.646,0.358,0.739,0.414,1.202,-2.8038,0.463,0.1575,-1.5755,-0.1443,6.3864,4.5261,1.8565,-0.0035,3.62E-02,50
0.5,-5.216,1.151,1.32941,-0.22341,0.192,0.236,-0.1895,0.2176,0.02168,-1.46676,-1.25896,-0.92771,2.31973,-0.00531,-0.00928,-0.00302,-15.38464,4.64055,1.65906,2.31388,0.645,0.359,0.738,0.413,1.3369,-2.9185,0.441,0.1807,-1.4865,-0.1633,6.6833,4.7802,1.884,-0.0025,3.53E-02,50
0.6,-5.213,1.151,1.37985,-0.24461,0.178,0.2116,-0.1845,0.2125,0.02161,-1.54143,-1.33406,-0.87661,2.41072,-0.00456,-0.00861,-0.00261,-16.30015,5.41166,1.91112,2.45195,0.648,0.357,0.74,0.422,1.6064,-3.1014,0.4,0.2287,-1.3244,-0.2055,7.2623,5.2789,1.9305,-0.0014,3.26E-02,50
0.7,-5.21,1.151,1.42321,-0.26093,0.162,0.1913,-0.1801,0.2081,0.02094,-1.6015,-1.3985,-0.81164,2.47179,-0.00395,-0.00799,-0.00222,-17.07722,6.12563,2.17089,2.59219,0.647,0.365,0.743,0.428,1.877,-3.2361,0.364,0.2857,-1.1829,-0.262,7.8449,5.773,1.9678,-0.0009,2.89E-02,50
0.8,-5.208,1.151,1.46119,-0.27353,0.148,0.1746,-0.176,0.204,0.01987,-1.65885,-1.4629,-0.73894,2.511,-0.00345,-0.00741,-0.00185,-17.70305,6.79409,2.44002,2.72464,0.649,0.372,0.748,0.432,2.1506,-3.335,0.331,0.3425,-1.0597,-0.3291,8.4248,6.2746,1.998,-0.0005,2.53E-02,50
0.9,-5.206,1.151,1.49452,-0.28393,0.136,0.1606,-0.1723,0.2003,0.01854,-1.71192,-1.52488,-0.66214,2.53418,-0.00301,-0.00684,-0.00149,-18.23762,7.42408,2.71861,2.84937,0.646,0.379,0.749,0.439,2.4284,-3.4064,0.302,0.4017,-0.9482,-0.4133,9.0329,6.7953,2.0227,-0.0002,2.23E-02,50
1,-5.204,1.151,1.52406,-0.29067,0.125,0.149,-0.1688,0.1967,0.01704,-1.7604,-1.58351,-0.58347,2.54538,-0.0026,-0.00626,-0.00119,-18.69921,8.02,3.00604,2.94621,0.644,0.382,0.748,0.444,2.711,-3.4566,0.277,0.4652,-0.8535,-0.5049,9.6377,7.3459,2.0427,0,2.04E-02,50
1.25,-5.2,1.151,1.58682,-0.29967,0.101,0.1276,-0.1611,0.1891,0.01292,-1.86201,-1.71339,-0.40237,2.54707,-0.00164,-0.00483,-0.00063,-19.61563,9.37269,3.74435,3.0988,0.631,0.386,0.74,0.435,3.4395,-3.5,0.227,0.6241,-0.6697,-0.7225,11.3228,8.9159,2.078,0,1.83E-02,50
1.5,-5.196,1.151,1.64392,-0.29877,0.083,0.1138,-0.1545,0.1827,0.00863,-1.92386,-1.80483,-0.24053,2.52581,-0.00104,-0.00372,-0.00028,-20.40928,10.49834,4.49872,3.14758,0.624,0.382,0.732,0.43,4.1949,-3.5,0.191,0.7846,-0.5369,-0.9152,13.2477,10.8768,2.0979,0,1.80E-02,50
2,-5.191,1.151,1.73555,-0.27847,0.053,0.0992,-0.1433,0.1717,0.00042,-1.96134,-1.89868,-0.0359,2.49751,-0.00073,-0.00248,0,-21.75171,12.38259,6.13205,3.05267,0.599,0.36,0.699,0.409,5.6211,-3.5,0.144,1.087,-0.3391,-1.2263,18.5888,16.3125,2.1097,0,1.98E-02,50
2.5,-5.187,1.151,1.81858,-0.23219,0.03,0.0933,-0.134,0.1629,-0.00687,-1.93976,-1.92182,0.08743,2.47889,-0.00104,-0.00202,0,-22.94325,13.78997,8.00347,2.83754,0.576,0.357,0.677,0.401,6.8132,-3.5,0.12,1.3402,-0.208,-1.4577,26.5566,26.8609,2.0997,0,2.82E-02,50
3,-5.183,1.151,1.89408,-0.17267,0.011,0.0911,-0.126,0.1553,-0.01315,-1.89673,-1.91682,0.17408,2.46474,-0.00156,-0.00196,0,-24.00259,14.77494,10.2022,2.5912,0.563,0.346,0.661,0.395,7.8136,-3.5,0.106,1.5301,-0.1283,-1.631,39.485,47.1004,2.0777,0,3.85E-02,50
3.5,-5.181,1.151,1.96416,-0.11307,0.001,0.0903,-0.1191,0.1485,-0.01849,-1.84789,-1.90068,0.24501,2.45267,-0.00206,-0.00207,0,-24.97598,15.44428,12.82399,2.35253,0.549,0.356,0.655,0.38,8.6026,-3.5,0.1,1.655,-0.076,-1.7616,59.9461,85.5479,2.0489,0,5.04E-02,50
4,-5.178,1.151,2.02689,-0.06175,0,0.091,-0.1128,0.1426,-0.02298,-1.81656,-1.89348,0.31173,2.44271,-0.00247,-0.00225,0,-25.81557,15.85712,15.97652,2.13626,0.53,0.36,0.641,0.36,9.2088,-3.5,0.1,1.7201,-0.0421,-1.8603,92.3038,155.8047,2.0161,0,5.82E-02,50
4.5,-5.176,1.151,2.08175,-0.0254,0,0.0922,-0.1071,0.1372,-0.02672,-1.79533,-1.89746,0.37949,2.43391,-0.00271,-0.0024,0,-26.55244,16.06195,19.78473,1.94627,0.516,0.378,0.64,0.347,9.6671,-3.5,0.1,1.7473,-0.0209,-1.9344,145.2884,280.7369,1.981,0,6.18E-02,50
5,-5.174,1.151,2.12704,0,0,0.0928,-0.1019,0.1325,-0.0298,-1.78539,-1.90552,0.45204,2.42673,-0.00282,-0.00255,0,-27.20238,16.09881,24.39602,1.78184,0.507,0.385,0.637,0.338,9.9742,-3.5,0.1,1.7601,-0.0086,-1.9894,233.8808,502.9327,1.9449,0,6.64E-02,50
