cell_name,cell_i,cellX,cellY,zoneUTM,c_a_erg,c_ca_mean,c_ca_med,c_ca_unc
c.285,285,-587.5,3737.5,54.0,-0.0094,-0.009495662924818689,-0.009587975134259245,0.0036061669849354696
c.346,346,-562.5,3562.5,54.0,-0.0094,-0.008540328352503334,-0.008520039637496514,0.003729966774810869
c.353,353,-562.5,3737.5,54.0,-0.0094,-0.009738158689871948,-0.009735566841542895,0.0034889987161450618
c.354,354,-562.5,3762.5,54.0,-0.0094,-0.009572652827590676,-0.009522250466400112,0.003709670445863665
c.414,414,-537.5,3562.5,54.0,-0.0094,-0.008765018900826116,-0.008877335598827682,0.0035555440034193944
c.415,415,-537.5,3587.5,54.0,-0.0094,-0.010446565133746354,-0.010279321344976389,0.003308070150359599
c.416,416,-537.5,3612.5,54.0,-0.0094,-0.011541875844400884,-0.011337833827123897,0.0034634666493115083
c.420,420,-537.5,3712.5,54.0,-0.0094,-0.011454851145070132,-0.011471703190123144,0.0033541500561001495
c.421,421,-537.5,3737.5,54.0,-0.0094,-0.011764644645081175,-0.011900015350142217,0.0034694077103224097
c.422,422,-537.5,3762.5,54.0,-0.0094,-0.009874061296332854,-0.00989061069854965,0.0033737225257281047
c.480,480,-512.5,3512.5,54.0,-0.0094,-0.009396064675859706,-0.00940397437801773,0.003557872907742814
c.481,481,-512.5,3537.5,54.0,-0.0094,-0.010129636440772315,-0.010105475488888127,0.0029744132343026324
c.482,482,-512.5,3562.5,54.0,-0.0094,-0.009987394383323417,-0.010007575707072853,0.002967424925728563
c.483,483,-512.5,3587.5,54.0,-0.0094,-0.00937533704844096,-0.009454683590691796,0.0029889501388860097
c.484,484,-512.5,3612.5,54.0,-0.0094,-0.011151324544421757,-0.011098330150991802,0.0029435484315735714
c.485,485,-512.5,3637.5,54.0,-0.0094,-0.011733763615587443,-0.011602584164871008,0.003443815556656933
c.486,486,-512.5,3662.5,54.0,-0.0094,-0.012175039079193125,-0.01227611492802167,0.0035944181370563062
c.487,487,-512.5,3687.5,54.0,-0.0094,-0.010988533941581625,-0.010972959194072781,0.0036093020164013325
c.488,488,-512.5,3712.5,54.0,-0.0094,-0.010673939466295206,-0.010647146695260953,0.003624248357830466
c.489,489,-512.5,3737.5,54.0,-0.0094,-0.012242892522591713,-0.012394685374923012,0.0032874341618894807
c.490,490,-512.5,3762.5,54.0,-0.0094,-0.011295208108454859,-0.011287163504679482,0.003183416198459044
c.491,491,-512.5,3787.5,54.0,-0.0094,-0.009729715708510561,-0.009741836042118757,0.0034462339388550032
c.547,547,-487.5,3487.5,54.0,-0.0094,-0.011004390217806364,-0.011071560955001197,0.0037195175010273454
c.548,548,-487.5,3512.5,54.0,-0.0094,-0.012227567348263984,-0.012238960585040329,0.003501086100025298
c.549,549,-487.5,3537.5,54.0,-0.0094,-0.011061100909469736,-0.011139307520123973,0.0033040523346128978
c.550,550,-487.5,3562.5,54.0,-0.0094,-0.010178699566440927,-0.010267114506889604,0.0033989119704293125
c.551,551,-487.5,3587.5,54.0,-0.0094,-0.009651187547548378,-0.009479346206861531,0.003105908825609341
c.552,552,-487.5,3612.5,54.0,-0.0094,-0.012161940513029885,-0.012052552004975787,0.003163971959757857
c.553,553,-487.5,3637.5,54.0,-0.0094,-0.012744061296857638,-0.012630222912418386,0.0035229768206027426
c.554,554,-487.5,3662.5,54.0,-0.0094,-0.01192843741821323,-0.011990770029812144,0.003470255137058915
c.555,555,-487.5,3687.5,54.0,-0.0094,-0.011288239983359,-0.011171848917419128,0.0035507178419566226
c.556,556,-487.5,3712.5,54.0,-0.0094,-0.010837966978739991,-0.010835261637490327,0.0031351487953352876
c.557,557,-487.5,3737.5,54.0,-0.0094,-0.010691866742902652,-0.01076620189248731,0.0030813527413036433
c.558,558,-487.5,3762.5,54.0,-0.0094,-0.00928063819778794,-0.009136479262135587,0.0026316602482541556
c.559,559,-487.5,3787.5,54.0,-0.0094,-0.009571003438458417,-0.009498485301371764,0.0029926606765177943
c.615,615,-462.5,3487.5,54.0,-0.0094,-0.009678137515859895,-0.009599613478645987,0.0035573538763162297
c.616,616,-462.5,3512.5,54.0,-0.0094,-0.009970355000569697,-0.00981675662827678,0.003445463334660381
c.617,617,-462.5,3537.5,54.0,-0.0094,-0.010440223087180792,-0.0105512939697201,0.0034001729120564767
c.618,618,-462.5,3562.5,54.0,-0.0094,-0.01026844362558661,-0.010116617901067718,0.0034195957301993334
c.619,619,-462.5,3587.5,54.0,-0.0094,-0.009917842577650856,-0.010009431018983748,0.0032989262981534093
c.620,620,-462.5,3612.5,54.0,-0.0094,-0.010726952125293801,-0.010649363490022025,0.0029871700181579326
c.621,621,-462.5,3637.5,54.0,-0.0094,-0.010849324038374186,-0.010767945503168133,0.003603766991588567
c.622,622,-462.5,3662.5,54.0,-0.0094,-0.01153729537999551,-0.011479609023998447,0.003075120315183268
c.623,623,-462.5,3687.5,54.0,-0.0094,-0.010868598850742341,-0.010768331150285615,0.0031959712049496962
c.624,624,-462.5,3712.5,54.0,-0.0094,-0.010307518919573676,-0.010331298554194365,0.0029851190259363894
c.625,625,-462.5,3737.5,54.0,-0.0094,-0.009792555598648892,-0.009680599531921057,0.003046578834190149
c.626,626,-462.5,3762.5,54.0,-0.0094,-0.007813176948340293,-0.007688351744412625,0.0029313532594975105
c.627,627,-462.5,3787.5,54.0,-0.0094,-0.00923391637484274,-0.009149719355256755,0.0028656021528267145
c.628,628,-462.5,3812.5,54.0,-0.0094,-0.008877950995319565,-0.008734816802797645,0.0031486925348409916
c.684,684,-437.5,3512.5,54.0,-0.0094,-0.008850969946525844,-0.009012594145751236,0.003430403222412088
c.685,685,-437.5,3537.5,54.0,-0.0094,-0.00988176394466176,-0.00986482239982607,0.003288244228840483
c.686,686,-437.5,3562.5,54.0,-0.0094,-0.010250743395123479,-0.010200695680048737,0.003247170310198067
c.687,687,-437.5,3587.5,54.0,-0.0094,-0.010152988435517563,-0.010197236103138892,0.0032167221790823284
c.688,688,-437.5,3612.5,54.0,-0.0094,-0.009004852968904402,-0.008938510405139244,0.0032458063514490235
c.689,689,-437.5,3637.5,54.0,-0.0094,-0.009680828848003137,-0.009650062704321286,0.003349052591244617
c.690,690,-437.5,3662.5,54.0,-0.0094,-0.010270883104941703,-0.010264827571107162,0.0035516485488761612
c.691,691,-437.5,3687.5,54.0,-0.0094,-0.010066116849379641,-0.01002701945108286,0.00344617648043633
c.692,692,-437.5,3712.5,54.0,-0.0094,-0.009438159799046377,-0.009431414569778763,0.003114942897295375
c.693,693,-437.5,3737.5,54.0,-0.0094,-0.010854202240126357,-0.010882709664398004,0.0034300102078981647
c.694,694,-437.5,3762.5,54.0,-0.0094,-0.008729734750344777,-0.00876275924160919,0.0031159684210822535
c.695,695,-437.5,3787.5,54.0,-0.0094,-0.010377023758140369,-0.010371173110088333,0.003214813063549147
c.696,696,-437.5,3812.5,54.0,-0.0094,-0.008461898244828703,-0.008465483383852076,0.0028579210761329006
c.697,697,-437.5,3837.5,54.0,-0.0094,-0.009738054105758624,-0.00983103906571393,0.0036549470886896554
c.753,753,-412.5,3537.5,54.0,-0.0094,-0.008853545317892963,-0.008669494720757915,0.0032406978156261394
c.754,754,-412.5,3562.5,54.0,-0.0094,-0.010199132154837257,-0.010167213862774579,0.003219817732068293
c.755,755,-412.5,3587.5,54.0,-0.0094,-0.009239638915779533,-0.00929703715710348,0.003075247661365992
c.756,756,-412.5,3612.5,54.0,-0.0094,-0.008000223051957524,-0.007983810306630893,0.0031508575826771283
c.757,757,-412.5,3637.5,54.0,-0.0094,-0.008508544185141055,-0.008429967532165565,0.0033020318305998692
c.759,759,-412.5,3687.5,54.0,-0.0094,-0.009938650013467604,-0.010069327709413396,0.0036663962875563114
c.760,760,-412.5,3712.5,54.0,-0.0094,-0.011486968695825599,-0.011517114225091806,0.003441124471705714
c.761,761,-412.5,3737.5,54.0,-0.0094,-0.010062020215667995,-0.010084705764118854,0.003527727114283887
c.762,762,-412.5,3762.5,54.0,-0.0094,-0.010224649835472792,-0.010182765827775633,0.003290316096938289
c.763,763,-412.5,3787.5,54.0,-0.0094,-0.010851510411342767,-0.010848295121227378,0.0035258240422709644
c.764,764,-412.5,3812.5,54.0,-0.0094,-0.011109604583033582,-0.011138807320701914,0.0030443177399422944
c.765,765,-412.5,3837.5,54.0,-0.0094,-0.010753181417774637,-0.010836942263049055,0.0030534784698902345
c.821,821,-387.5,3537.5,54.0,-0.0094,-0.009391474538773988,-0.009325257234709776,0.0035374261325407863
c.822,822,-387.5,3562.5,54.0,-0.0094,-0.009217181833324333,-0.009454693111164186,0.0032499658674368026
c.823,823,-387.5,3587.5,54.0,-0.0094,-0.007464218119267726,-0.007403283080448285,0.003239721844394708
c.824,824,-387.5,3612.5,54.0,-0.0094,-0.00807896134125838,-0.007911160888954796,0.0030222587717568692
c.825,825,-387.5,3637.5,54.0,-0.0094,-0.008620863702537791,-0.008605212278689454,0.0030964594533648975
c.826,826,-387.5,3662.5,54.0,-0.0094,-0.009806808697383764,-0.00971125367766228,0.0033542610208140977
c.827,827,-387.5,3687.5,54.0,-0.0094,-0.010476680431702414,-0.010488275046955594,0.003602342363079494
c.828,828,-387.5,3712.5,54.0,-0.0094,-0.01085155087494305,-0.010754679863246418,0.0037124862422680425
c.829,829,-387.5,3737.5,54.0,-0.0094,-0.011086970879620033,-0.011007081651411215,0.0034534616926411147
c.830,830,-387.5,3762.5,54.0,-0.0094,-0.010287512406376856,-0.010340146590132708,0.0033670561724403704
c.831,831,-387.5,3787.5,54.0,-0.0094,-0.00947685303878818,-0.009557430721442549,0.00315736947396507
c.832,832,-387.5,3812.5,54.0,-0.0094,-0.010540226544085346,-0.01049125037727151,0.00297489906872903
c.833,833,-387.5,3837.5,54.0,-0.0094,-0.012581435827954792,-0.012547204203938008,0.0029195410526660246
c.834,834,-387.5,3862.5,54.0,-0.0094,-0.01057998812220298,-0.010364231800519645,0.003317668506312934
c.891,891,-362.5,3587.5,54.0,-0.0094,-0.009392742323695158,-0.009334650012407549,0.00319186971355094
c.892,892,-362.5,3612.5,54.0,-0.0094,-0.009012266230549838,-0.00893696571949773,0.0031780432409208863
c.893,893,-362.5,3637.5,54.0,-0.0094,-0.009464137791984368,-0.009383258270081357,0.0031759376890546876
c.894,894,-362.5,3662.5,54.0,-0.0094,-0.010113230854337667,-0.010139619446133907,0.0033316315695326357
c.895,895,-362.5,3687.5,54.0,-0.0094,-0.010296275159493192,-0.010260383500299954,0.003353541905059764
c.896,896,-362.5,3712.5,54.0,-0.0094,-0.010708734375496312,-0.010622321222364072,0.0033823884960763116
c.897,897,-362.5,3737.5,54.0,-0.0094,-0.011613742029510757,-0.011421355682216812,0.003495347444622225
c.898,898,-362.5,3762.5,54.0,-0.0094,-0.011102674988687035,-0.01113940487040526,0.0030116616915661105
c.899,899,-362.5,3787.5,54.0,-0.0094,-0.010645780867197611,-0.010616384784534399,0.0028169333168135396
c.900,900,-362.5,3812.5,54.0,-0.0094,-0.010178317145361274,-0.010249494134984605,0.0029983739451047613
c.901,901,-362.5,3837.5,54.0,-0.0094,-0.010173942955611354,-0.01021177408442239,0.002558235525125447
c.902,902,-362.5,3862.5,54.0,-0.0094,-0.007123143828630892,-0.0071131581007863095,0.003006537022283754
c.959,959,-337.5,3587.5,54.0,-0.0094,-0.009715244314732155,-0.009750307228320109,0.003790364646865108
c.960,960,-337.5,3612.5,54.0,-0.0094,-0.01070113159500069,-0.01060001195128453,0.003503723851932923
c.961,961,-337.5,3637.5,54.0,-0.0094,-0.010518127398273206,-0.010332327012846868,0.003405350649936809
c.964,964,-337.5,3712.5,54.0,-0.0094,-0.01049629659319059,-0.010434412306525736,0.0035935289385766304
c.965,965,-337.5,3737.5,54.0,-0.0094,-0.010924748890060617,-0.011017530613573422,0.0034021069862184765
c.966,966,-337.5,3762.5,54.0,-0.0094,-0.0108425927124608,-0.010854159731855769,0.003601318849154911
c.967,967,-337.5,3787.5,54.0,-0.0094,-0.010840293527447394,-0.01086518476601225,0.003198823898295533
c.968,968,-337.5,3812.5,54.0,-0.0094,-0.01063130236175029,-0.010619198738581739,0.002924374849656113
c.969,969,-337.5,3837.5,54.0,-0.0094,-0.009747768264314933,-0.00965495924460658,0.0027838991507476546
c.970,970,-337.5,3862.5,54.0,-0.0094,-0.007312488249335861,-0.007306485375069174,0.002646780459258766
c.971,971,-337.5,3887.5,54.0,-0.0094,-0.007433765994790057,-0.0073607428124780865,0.002960099509495951
c.1029,1029,-312.5,3637.5,54.0,-0.0094,-0.010793180754239415,-0.010843120114181842,0.00343482778113103
c.1030,1030,-312.5,3662.5,54.0,-0.0094,-0.010991857336038614,-0.011012620571198437,0.003703787676238667
c.1033,1033,-312.5,3737.5,54.0,-0.0094,-0.01032805035173215,-0.010289808771962256,0.003690729351954635
c.1034,1034,-312.5,3762.5,54.0,-0.0094,-0.010782439467904121,-0.010852425016523214,0.0035405015971490972
c.1035,1035,-312.5,3787.5,54.0,-0.0094,-0.011188683694396474,-0.011183039606898312,0.0032899095157112655
c.1036,1036,-312.5,3812.5,54.0,-0.0094,-0.0102935182459087,-0.010352101164371678,0.002935464605350687
c.1037,1037,-312.5,3837.5,54.0,-0.0094,-0.009261971031333076,-0.0093045225347942,0.0027888545213345813
c.1038,1038,-312.5,3862.5,54.0,-0.0094,-0.009493872440876643,-0.00950503816540293,0.0028017184077729017
c.1039,1039,-312.5,3887.5,54.0,-0.0094,-0.008833960693214881,-0.008792421809254007,0.0025771400655512037
c.1040,1040,-312.5,3912.5,54.0,-0.0094,-0.008900956394968532,-0.008831391127383442,0.0032984423774721663
c.1098,1098,-287.5,3662.5,54.0,-0.0094,-0.010307889681624521,-0.010230855573735018,0.003679223761580458
c.1099,1099,-287.5,3687.5,54.0,-0.0094,-0.010223025027143198,-0.010264332384749261,0.0035612066412912756
c.1100,1100,-287.5,3712.5,54.0,-0.0094,-0.010364778938663883,-0.010424238121380092,0.0034832200560500686
c.1101,1101,-287.5,3737.5,54.0,-0.0094,-0.010629924167007067,-0.010534343202828056,0.0036206811558294827
c.1103,1103,-287.5,3787.5,54.0,-0.0094,-0.011070596364782652,-0.011104240364049653,0.0030604858535276396
c.1104,1104,-287.5,3812.5,54.0,-0.0094,-0.011768287270348465,-0.011705108013225145,0.002974152809842828
c.1105,1105,-287.5,3837.5,54.0,-0.0094,-0.009824108238160684,-0.009939588272261792,0.0028674943662743853
c.1106,1106,-287.5,3862.5,54.0,-0.0094,-0.010786600864893333,-0.010792998156048884,0.0027295390345578622
c.1107,1107,-287.5,3887.5,54.0,-0.0094,-0.011726265083858815,-0.011752956219236228,0.0023404121686612617
c.1108,1108,-287.5,3912.5,54.0,-0.0094,-0.010522826436673256,-0.010517893486775906,0.0027565609260227332
c.1109,1109,-287.5,3937.5,54.0,-0.0094,-0.010311335266897684,-0.010448329479070474,0.0034329804133329932
c.1167,1167,-262.5,3687.5,54.0,-0.0094,-0.010007387218524573,-0.010056188144048336,0.003601829854479342
c.1168,1168,-262.5,3712.5,54.0,-0.0094,-0.010536640191304384,-0.010525837188191209,0.0035000512596283636
c.1169,1169,-262.5,3737.5,54.0,-0.0094,-0.011479154513324706,-0.01153899677228291,0.00336038889901285
c.1170,1170,-262.5,3762.5,54.0,-0.0094,-0.012690857183887462,-0.012767819765718197,0.003164883854140563
c.1171,1171,-262.5,3787.5,54.0,-0.0094,-0.012305692231941641,-0.012458480769496655,0.0031969184022785616
c.1172,1172,-262.5,3812.5,54.0,-0.0094,-0.011796622545365409,-0.011764420947701311,0.003430068452759103
c.1173,1173,-262.5,3837.5,54.0,-0.0094,-0.01043639009317235,-0.01038179496605007,0.0027074042320608034
c.1174,1174,-262.5,3862.5,54.0,-0.0094,-0.010204036158718326,-0.010150815985373807,0.002668254954002517
c.1175,1175,-262.5,3887.5,54.0,-0.0094,-0.010563600049071342,-0.010555095471083945,0.0022616977010823736
c.1176,1176,-262.5,3912.5,54.0,-0.0094,-0.01385309587682172,-0.013865168519732851,0.0022146475345817865
c.1177,1177,-262.5,3937.5,54.0,-0.0094,-0.01253667081498743,-0.012578994893538826,0.003439902731628174
c.1235,1235,-237.5,3687.5,54.0,-0.0094,-0.010002897387181903,-0.010004827699266073,0.003631255259918171
c.1236,1236,-237.5,3712.5,54.0,-0.0094,-0.010718073904502577,-0.010833681459417998,0.003427409656412709
c.1237,1237,-237.5,3737.5,54.0,-0.0094,-0.011303519559031916,-0.01132643541557592,0.0034067188096194687
c.1238,1238,-237.5,3762.5,54.0,-0.0094,-0.011622979107275068,-0.011587149678929378,0.003247375055380656
c.1239,1239,-237.5,3787.5,54.0,-0.0094,-0.01460942333129202,-0.014560627830792474,0.00299672384617778
c.1240,1240,-237.5,3812.5,54.0,-0.0094,-0.013493119071455884,-0.013433163665157163,0.0029154422180189573
c.1241,1241,-237.5,3837.5,54.0,-0.0094,-0.010492471124387663,-0.010479911607378344,0.0027249561067688886
c.1242,1242,-237.5,3862.5,54.0,-0.0094,-0.008932283106169977,-0.008919059734477236,0.0024276985429102587
c.1243,1243,-237.5,3887.5,54.0,-0.0094,-0.010273261137036737,-0.010264295880153738,0.0021650864071889927
c.1244,1244,-237.5,3912.5,54.0,-0.0094,-0.011875747830659244,-0.011848168083696872,0.002024668233200287
c.1245,1245,-237.5,3937.5,54.0,-0.0094,-0.010289220729390052,-0.010247682368900873,0.0025078390115549887
c.1246,1246,-237.5,3962.5,54.0,-0.0094,-0.010763435909624195,-0.010868100536572235,0.0035039087180425833
c.1304,1304,-212.5,3712.5,54.0,-0.0094,-0.009906595059768462,-0.009816579519904726,0.0034800492709984973
c.1305,1305,-212.5,3737.5,54.0,-0.0094,-0.009712714043236296,-0.009731345907181645,0.0034827596723223967
c.1306,1306,-212.5,3762.5,54.0,-0.0094,-0.01020704418037922,-0.010146362221271923,0.0031412302569411308
c.1307,1307,-212.5,3787.5,54.0,-0.0094,-0.011173544668063006,-0.011186178656744409,0.0030802715853979453
c.1308,1308,-212.5,3812.5,54.0,-0.0094,-0.012702861512760127,-0.012835098792830733,0.003055923569718925
c.1309,1309,-212.5,3837.5,54.0,-0.0094,-0.01345099747312626,-0.01351165972833054,0.0028799262390204316
c.1310,1310,-212.5,3862.5,54.0,-0.0094,-0.01157767791324222,-0.01158680496803043,0.002492998541506818
c.1311,1311,-212.5,3887.5,54.0,-0.0094,-0.008967550305311364,-0.008979885923081729,0.002230987435551801
c.1312,1312,-212.5,3912.5,54.0,-0.0094,-0.008626256880743588,-0.008583890489017821,0.0018963236584154815
c.1313,1313,-212.5,3937.5,54.0,-0.0094,-0.0059873785929491115,-0.00595929386247499,0.0023213416446448156
c.1314,1314,-212.5,3962.5,54.0,-0.0094,-0.010160505643755001,-0.010284781674123934,0.0031681514677317215
c.1315,1315,-212.5,3987.5,54.0,-0.0094,-0.010728572417352355,-0.010604555470211578,0.0034295030271261585
c.1316,1316,-212.5,4012.5,54.0,-0.0094,-0.010512578512052756,-0.010501066241669813,0.0034045939395767125
c.1374,1374,-187.5,3762.5,54.0,-0.0094,-0.010374693272845731,-0.010406382599404752,0.0035297420567083713
c.1375,1375,-187.5,3787.5,54.0,-0.0094,-0.011306061580536384,-0.01117448129440952,0.003325807393246239
c.1376,1376,-187.5,3812.5,54.0,-0.0094,-0.011647248812767755,-0.01160456225926403,0.003193595640310919
c.1377,1377,-187.5,3837.5,54.0,-0.0094,-0.011482519944257686,-0.011469894032040951,0.0031637857711216332
c.1378,1378,-187.5,3862.5,54.0,-0.0094,-0.012115993925729245,-0.012172742046935529,0.002690348805706768
c.1379,1379,-187.5,3887.5,54.0,-0.0094,-0.011970848468709458,-0.011934200158608268,0.0022605321499237128
c.1380,1380,-187.5,3912.5,54.0,-0.0094,-0.006833378974223498,-0.006869061141682918,0.00219473033667542
c.1381,1381,-187.5,3937.5,54.0,-0.0094,-0.00857243933117692,-0.008524578330426642,0.002853937952162733
c.1382,1382,-187.5,3962.5,54.0,-0.0094,-0.009634485006590506,-0.009507761377661452,0.003319726718505657
c.1383,1383,-187.5,3987.5,54.0,-0.0094,-0.009085751663357048,-0.00913044429282531,0.003359313354983572
c.1384,1384,-187.5,4012.5,54.0,-0.0094,-0.008791550258252998,-0.00871379952743474,0.0032764075316513335
c.1385,1385,-187.5,4037.5,54.0,-0.0094,-0.008921972776116976,-0.008879633403527532,0.003792078472227454
c.1442,1442,-162.5,3762.5,54.0,-0.0094,-0.010335976520393626,-0.010347127404508044,0.0037559266816371774
c.1443,1443,-162.5,3787.5,54.0,-0.0094,-0.012489897847037483,-0.0124488188342982,0.003409676611937917
c.1444,1444,-162.5,3812.5,54.0,-0.0094,-0.01304795299894552,-0.013044012042906809,0.00301359945978916
c.1445,1445,-162.5,3837.5,54.0,-0.0094,-0.012964605194969,-0.012952693260816363,0.0028898455139521164
c.1446,1446,-162.5,3862.5,54.0,-0.0094,-0.012150863423745157,-0.012232751255364526,0.0028538957997832665
c.1447,1447,-162.5,3887.5,54.0,-0.0094,-0.010761724102943931,-0.010802726803543996,0.0024860670214237107
c.1448,1448,-162.5,3912.5,54.0,-0.0094,-0.008687239997509779,-0.008595604827712811,0.002465350344815169
c.1449,1449,-162.5,3937.5,54.0,-0.0094,-0.009292832425766485,-0.009365664764074563,0.0030287894701344115
c.1508,1508,-137.5,3712.5,54.0,-0.0094,-0.008787459654391185,-0.008752554815622272,0.003350503377523382
c.1509,1509,-137.5,3737.5,54.0,-0.0094,-0.00856707105478034,-0.008562867771928703,0.0032176582140948638
c.1510,1510,-137.5,3762.5,54.0,-0.0094,-0.0097153440799232,-0.009797164311181585,0.0030612130591720567
c.1511,1511,-137.5,3787.5,54.0,-0.0094,-0.010646272252958937,-0.010670770192900813,0.0032697126543481084
c.1512,1512,-137.5,3812.5,54.0,-0.0094,-0.011716601266413608,-0.011691850649100135,0.0029496509527380463
c.1513,1513,-137.5,3837.5,54.0,-0.0094,-0.011223812024462492,-0.011198103867090078,0.0031458246380226345
c.1514,1514,-137.5,3862.5,54.0,-0.0094,-0.009581012400040908,-0.009606089075059113,0.0029228263698681755
c.1515,1515,-137.5,3887.5,54.0,-0.0094,-0.007941722871250816,-0.00787286983860664,0.0028692425873827546
c.1516,1516,-137.5,3912.5,54.0,-0.0094,-0.007508680473528825,-0.007536954326556065,0.002651100163701999
c.1517,1517,-137.5,3937.5,54.0,-0.0094,-0.009841988502146246,-0.00981093116234617,0.002816530606116458
c.1576,1576,-112.5,3712.5,54.0,-0.0094,-0.008378492142320853,-0.008381573383910249,0.0033972305837196375
c.1577,1577,-112.5,3737.5,54.0,-0.0094,-0.00633565393961217,-0.006175847224537282,0.002974516933519206
c.1578,1578,-112.5,3762.5,54.0,-0.0094,-0.006108172539127399,-0.005991544085346596,0.0029300918149281216
c.1579,1579,-112.5,3787.5,54.0,-0.0094,-0.006637556434052432,-0.006538414395963456,0.002826625212098154
c.1580,1580,-112.5,3812.5,54.0,-0.0094,-0.008564745102478606,-0.00847488567586049,0.00318932421327896
c.1581,1581,-112.5,3837.5,54.0,-0.0094,-0.010625158282746572,-0.010610589244171787,0.003040900468320349
c.1582,1582,-112.5,3862.5,54.0,-0.0094,-0.00820397787911087,-0.008317952049518492,0.003226479474898181
c.1583,1583,-112.5,3887.5,54.0,-0.0094,-0.007392911377303093,-0.00736256585816324,0.0027215000776009903
c.1584,1584,-112.5,3912.5,54.0,-0.0094,-0.006852606669077247,-0.006736035493891385,0.002747971317504987
c.1585,1585,-112.5,3937.5,54.0,-0.0094,-0.008721177968877225,-0.008612795459549964,0.0030158620111679743
c.1586,1586,-112.5,3962.5,54.0,-0.0094,-0.00879221650843892,-0.008753471020831821,0.003361773549642971
c.1644,1644,-87.5,3712.5,54.0,-0.0094,-0.008273049771276138,-0.008252289945172412,0.0033878846104385637
c.1645,1645,-87.5,3737.5,54.0,-0.0094,-0.0067796423844108085,-0.006652996937841616,0.0029230342646699822
c.1646,1646,-87.5,3762.5,54.0,-0.0094,-0.003987025408840318,-0.0036935110893194104,0.002473429351303538
c.1647,1647,-87.5,3787.5,54.0,-0.0094,-0.005415115463925068,-0.005381948270993227,0.002546370549561826
c.1648,1648,-87.5,3812.5,54.0,-0.0094,-0.011359568107139126,-0.011306304065755755,0.0029497416143030313
c.1649,1649,-87.5,3837.5,54.0,-0.0094,-0.009950529312302746,-0.009945849123448374,0.0030866819324290935
c.1650,1650,-87.5,3862.5,54.0,-0.0094,-0.008309214734998783,-0.008334707791121866,0.0029836032375562616
c.1651,1651,-87.5,3887.5,54.0,-0.0094,-0.007966543200439876,-0.007978318571700997,0.0029337328453808466
c.1652,1652,-87.5,3912.5,54.0,-0.0094,-0.006575288880065302,-0.006504052593598104,0.002893406423972446
c.1653,1653,-87.5,3937.5,54.0,-0.0094,-0.008032898958080629,-0.008021900661687419,0.0030083803285659064
c.1654,1654,-87.5,3962.5,54.0,-0.0094,-0.010481758952942162,-0.010481459168204511,0.003381747736402605
c.1655,1655,-87.5,3987.5,54.0,-0.0094,-0.010247009882469703,-0.010240121968768907,0.003575643340638224
c.1712,1712,-62.5,3712.5,54.0,-0.0094,-0.009348054019094316,-0.009129784584893646,0.003296771886929433
c.1713,1713,-62.5,3737.5,54.0,-0.0094,-0.009109544877954137,-0.009241356850925638,0.0031310383748552766
c.1714,1714,-62.5,3762.5,54.0,-0.0094,-0.005812366866322919,-0.005730051747543846,0.0026158244612672376
c.1715,1715,-62.5,3787.5,54.0,-0.0094,-0.008863969027322388,-0.008842504003192487,0.002782198051210945
c.1716,1716,-62.5,3812.5,54.0,-0.0094,-0.015131192673995313,-0.01503355555447904,0.0030383113592416305
c.1717,1717,-62.5,3837.5,54.0,-0.0094,-0.00958551206590976,-0.009588217969018478,0.0033109703714455175
c.1718,1718,-62.5,3862.5,54.0,-0.0094,-0.010494570275764531,-0.010389603377660933,0.002926367942526458
c.1719,1719,-62.5,3887.5,54.0,-0.0094,-0.010637786866534549,-0.01065682624502736,0.002877311028216832
c.1720,1720,-62.5,3912.5,54.0,-0.0094,-0.008763234910729547,-0.00875989445202173,0.0030356771072401266
c.1721,1721,-62.5,3937.5,54.0,-0.0094,-0.010327766626591382,-0.010088361094993732,0.0029053271696820922
c.1722,1722,-62.5,3962.5,54.0,-0.0094,-0.011822945190488165,-0.011773231026786589,0.0032647235312100726
c.1723,1723,-62.5,3987.5,54.0,-0.0094,-0.01119247287656751,-0.011065485405039589,0.0035031480070852263
c.1724,1724,-62.5,4012.5,54.0,-0.0094,-0.010813485753189397,-0.010914922891630523,0.003706327112520028
c.1780,1780,-37.5,3712.5,54.0,-0.0094,-0.01082245529108884,-0.010870287431503589,0.003311507794847315
c.1781,1781,-37.5,3737.5,54.0,-0.0094,-0.012513630909452678,-0.012594410796714833,0.0032812239369778102
c.1782,1782,-37.5,3762.5,54.0,-0.0094,-0.01229429969985678,-0.012297569884098223,0.0029376842568836865
c.1783,1783,-37.5,3787.5,54.0,-0.0094,-0.014232032797824928,-0.014274781595366975,0.0026936431044686975
c.1784,1784,-37.5,3812.5,54.0,-0.0094,-0.013762050590556237,-0.013856955634183123,0.003037480249567072
c.1785,1785,-37.5,3837.5,54.0,-0.0094,-0.01212774702836178,-0.01217024753204906,0.0031365672678105427
c.1786,1786,-37.5,3862.5,54.0,-0.0094,-0.013715821101829876,-0.013621170413480689,0.0029889931319156656
c.1787,1787,-37.5,3887.5,54.0,-0.0094,-0.011339133897697926,-0.011282357819067362,0.0029127076628071825
c.1788,1788,-37.5,3912.5,54.0,-0.0094,-0.01306562043764414,-0.013066224481669247,0.003249447895766055
c.1789,1789,-37.5,3937.5,54.0,-0.0094,-0.012537229290180323,-0.012472331493883593,0.003037738485920197
c.1790,1790,-37.5,3962.5,54.0,-0.0094,-0.013084496690356134,-0.013183552495041946,0.00296508804498254
c.1791,1791,-37.5,3987.5,54.0,-0.0094,-0.012459930011157683,-0.012440961899261851,0.0032388497062373887
c.1792,1792,-37.5,4012.5,54.0,-0.0094,-0.01176171332804973,-0.011700643282689887,0.0034959815928202534
c.1793,1793,-37.5,4037.5,54.0,-0.0094,-0.011267855228361595,-0.01107391946684161,0.003489839852069118
c.1847,1847,-12.5,3687.5,54.0,-0.0094,-0.010621779755145255,-0.010580030502423093,0.0036212800300680047
c.1848,1848,-12.5,3712.5,54.0,-0.0094,-0.012415759612177413,-0.012362203112118608,0.0031247559114653232
c.1849,1849,-12.5,3737.5,54.0,-0.0094,-0.013142822369609473,-0.013000704786185584,0.0030399946748810498
c.1850,1850,-12.5,3762.5,54.0,-0.0094,-0.01451333003061263,-0.01456936576675659,0.0026796891418318447
c.1851,1851,-12.5,3787.5,54.0,-0.0094,-0.012157083130521,-0.01218874983386467,0.0024238433900218895
c.1852,1852,-12.5,3812.5,54.0,-0.0094,-0.012714855875877578,-0.012747969105235207,0.0031255353928834966
c.1853,1853,-12.5,3837.5,54.0,-0.0094,-0.014827737302475202,-0.014724239042217261,0.003218264001341684
c.1854,1854,-12.5,3862.5,54.0,-0.0094,-0.01523941538013781,-0.01525877026342729,0.0030399158339326797
c.1855,1855,-12.5,3887.5,54.0,-0.0094,-0.014812839329670589,-0.014821032133998664,0.0031909805484267436
c.1856,1856,-12.5,3912.5,54.0,-0.0094,-0.01408510877835563,-0.014018247222994142,0.0032028821667989607
c.1857,1857,-12.5,3937.5,54.0,-0.0094,-0.012441515599680743,-0.012661791682481117,0.0031980561512077667
c.1858,1858,-12.5,3962.5,54.0,-0.0094,-0.013008430880447579,-0.012956341398387609,0.0031250947468945893
c.1859,1859,-12.5,3987.5,54.0,-0.0094,-0.012879913294496092,-0.0128030161076421,0.00314177508373354
c.1860,1860,-12.5,4012.5,54.0,-0.0094,-0.012794018344211549,-0.012800090347327254,0.003212936638412336
c.1861,1861,-12.5,4037.5,54.0,-0.0094,-0.01266325098164529,-0.012622258446586121,0.0030577445356285695
c.1862,1862,-12.5,4062.5,54.0,-0.0094,-0.011676881322518769,-0.011677066120874817,0.0033152099401620393
c.1863,1863,-12.5,4087.5,54.0,-0.0094,-0.010008299991722508,-0.010025076089120954,0.0034885312335942286
c.1915,1915,12.5,3687.5,54.0,-0.0094,-0.011044283516791565,-0.01116188143192495,0.003416724516277193
c.1916,1916,12.5,3712.5,54.0,-0.0094,-0.013214861696226383,-0.013307238102520129,0.0028600204579946036
c.1917,1917,12.5,3737.5,54.0,-0.0094,-0.011091285757956402,-0.011100756261515373,0.002891240417305704
c.1918,1918,12.5,3762.5,54.0,-0.0094,-0.00810995400721855,-0.008074936054099913,0.002834556075369136
c.1919,1919,12.5,3787.5,54.0,-0.0094,-0.009600229985182571,-0.009641013780098257,0.002841309292974327
c.1920,1920,12.5,3812.5,54.0,-0.0094,-0.013524455850813712,-0.013458370885228336,0.002901824726821899
c.1921,1921,12.5,3837.5,54.0,-0.0094,-0.01525504105000354,-0.015077756369816215,0.0030473223755314036
c.1922,1922,12.5,3862.5,54.0,-0.0094,-0.015183615929996846,-0.015206471241712857,0.0030944331409309294
c.1923,1923,12.5,3887.5,54.0,-0.0094,-0.013998217013359949,-0.01394871645607151,0.003214685683632941
c.1924,1924,12.5,3912.5,54.0,-0.0094,-0.012861412104967863,-0.012923349127119359,0.0032064632819875875
c.1925,1925,12.5,3937.5,54.0,-0.0094,-0.01153085350834996,-0.011388314558050536,0.003251089207784144
c.1926,1926,12.5,3962.5,54.0,-0.0094,-0.011747494168560425,-0.011733617696130157,0.0032125824219132034
c.1927,1927,12.5,3987.5,54.0,-0.0094,-0.012521612377583483,-0.012442907318374365,0.0030893674721700235
c.1928,1928,12.5,4012.5,54.0,-0.0094,-0.012784132233694179,-0.012751348366000063,0.003040173981541552
c.1929,1929,12.5,4037.5,54.0,-0.0094,-0.0116001108781059,-0.011573259756079573,0.0031200748719541387
c.1930,1930,12.5,4062.5,54.0,-0.0094,-0.010690381752150913,-0.010745432483044779,0.0029008627732564365
c.1931,1931,12.5,4087.5,54.0,-0.0094,-0.009623128808935217,-0.009597638764606436,0.0029460639981644847
c.1983,1983,37.5,3687.5,54.0,-0.0094,-0.012120472589727786,-0.012129100408812016,0.003072185716733602
c.1984,1984,37.5,3712.5,54.0,-0.0094,-0.011433867062495945,-0.011481515134501623,0.00272791609249407
c.1985,1985,37.5,3737.5,54.0,-0.0094,-0.009414539804767762,-0.009399058600500377,0.0028557314039129264
c.1986,1986,37.5,3762.5,54.0,-0.0094,-0.008026758325946853,-0.008022386703847147,0.002955557376367769
c.1987,1987,37.5,3787.5,54.0,-0.0094,-0.0074539750478815345,-0.007306020563018633,0.002680284752204385
c.1988,1988,37.5,3812.5,54.0,-0.0094,-0.009345365635940324,-0.009330485891050982,0.0028066983008043127
c.1989,1989,37.5,3837.5,54.0,-0.0094,-0.011484781879021015,-0.011495824516105556,0.003042793534951389
c.1990,1990,37.5,3862.5,54.0,-0.0094,-0.011723129521594869,-0.011776883759216447,0.002986008267871435
c.1991,1991,37.5,3887.5,54.0,-0.0094,-0.011473862812915438,-0.011541191427787844,0.0032845773292321215
c.1992,1992,37.5,3912.5,54.0,-0.0094,-0.011239152151423426,-0.011206946095908351,0.0031960126958332394
c.1993,1993,37.5,3937.5,54.0,-0.0094,-0.011203521672325897,-0.011207760980814344,0.003607050037780787
c.1994,1994,37.5,3962.5,54.0,-0.0094,-0.011384196264180284,-0.01128636297941428,0.003234769449190145
c.1995,1995,37.5,3987.5,54.0,-0.0094,-0.011558823742449676,-0.011505743213521599,0.002868937088823102
c.1996,1996,37.5,4012.5,54.0,-0.0094,-0.011130293119999928,-0.011146396201462416,0.0030530347826486864
c.1997,1997,37.5,4037.5,54.0,-0.0094,-0.010442630254344946,-0.010475671786179194,0.002704067108239499
c.1998,1998,37.5,4062.5,54.0,-0.0094,-0.00867567713609755,-0.008596569127713454,0.002774514415858929
c.1999,1999,37.5,4087.5,54.0,-0.0094,-0.008512238717808361,-0.008573620946914037,0.0026644900302836088
c.2000,2000,37.5,4112.5,54.0,-0.0094,-0.009560147017185982,-0.009572229972131415,0.0033348378136109874
c.2051,2051,62.5,3687.5,54.0,-0.0094,-0.01002354637717985,-0.009962506140156138,0.0032064528716340087
c.2052,2052,62.5,3712.5,54.0,-0.0094,-0.008478480167053683,-0.0083998834247485,0.002929003504873202
c.2053,2053,62.5,3737.5,54.0,-0.0094,-0.007040349307915398,-0.007075157913060607,0.003052353422296766
c.2054,2054,62.5,3762.5,54.0,-0.0094,-0.006658303826779808,-0.0064932861983995945,0.0030720879747944403
c.2055,2055,62.5,3787.5,54.0,-0.0094,-0.007697631295789756,-0.007680655639997409,0.003060493601155753
c.2056,2056,62.5,3812.5,54.0,-0.0094,-0.0077634525167617355,-0.007726432125641799,0.0029948814018428602
c.2057,2057,62.5,3837.5,54.0,-0.0094,-0.008864444187501696,-0.008760680584865004,0.0030477332753998296
c.2058,2058,62.5,3862.5,54.0,-0.0094,-0.009444004296787387,-0.00939061876728265,0.003140161491208666
c.2059,2059,62.5,3887.5,54.0,-0.0094,-0.010528705630236777,-0.01055590682920405,0.0035219311613564055
c.2060,2060,62.5,3912.5,54.0,-0.0094,-0.010991977629458282,-0.011002088147716573,0.0033256963485892395
c.2061,2061,62.5,3937.5,54.0,-0.0094,-0.011663022854033103,-0.011777571102421416,0.003572167664546268
c.2062,2062,62.5,3962.5,54.0,-0.0094,-0.012895319291944068,-0.012814439664700465,0.0034441318808635167
c.2063,2063,62.5,3987.5,54.0,-0.0094,-0.011441021962598968,-0.011509909858904984,0.0031238301959360714
c.2064,2064,62.5,4012.5,54.0,-0.0094,-0.009504397297904777,-0.009535645453554106,0.0029432855310877163
c.2065,2065,62.5,4037.5,54.0,-0.0094,-0.009394773344854394,-0.00948098136271677,0.0030272609799712625
c.2066,2066,62.5,4062.5,54.0,-0.0094,-0.0096854102023497,-0.009811047196191362,0.0026021404907324098
c.2067,2067,62.5,4087.5,54.0,-0.0094,-0.01022992950258098,-0.010186841454455458,0.0028311072229630176
c.2068,2068,62.5,4112.5,54.0,-0.0094,-0.007084995664848622,-0.006916679036871492,0.0029373503752601377
c.2119,2119,87.5,3687.5,54.0,-0.0094,-0.00889727259810647,-0.00896317135657964,0.0032760306993199735
c.2120,2120,87.5,3712.5,54.0,-0.0094,-0.008018854306072867,-0.008017073926468589,0.0032244777573937843
c.2121,2121,87.5,3737.5,54.0,-0.0094,-0.007767813790054706,-0.007618168689274568,0.0030744597024367232
c.2122,2122,87.5,3762.5,54.0,-0.0094,-0.00799559255834207,-0.007976631923764872,0.0032537584746414262
c.2123,2123,87.5,3787.5,54.0,-0.0094,-0.00921833678541753,-0.00928507937693997,0.0031122931413574747
c.2124,2124,87.5,3812.5,54.0,-0.0094,-0.008535179848976898,-0.008450216831553174,0.003210226371717046
c.2125,2125,87.5,3837.5,54.0,-0.0094,-0.00858882996717543,-0.008516624872143008,0.0029710662646956227
c.2126,2126,87.5,3862.5,54.0,-0.0094,-0.009861986369600395,-0.009835803638847875,0.0030361584053166866
c.2127,2127,87.5,3887.5,54.0,-0.0094,-0.010963089629332824,-0.010860496424936663,0.0032692738990241703
c.2128,2128,87.5,3912.5,54.0,-0.0094,-0.011890008515784372,-0.011930304806618892,0.0031365095939833447
c.2129,2129,87.5,3937.5,54.0,-0.0094,-0.013446794773857932,-0.013540542526438559,0.0030630833126013795
c.2130,2130,87.5,3962.5,54.0,-0.0094,-0.013356979443000757,-0.013322290813447055,0.0031360499244443988
c.2131,2131,87.5,3987.5,54.0,-0.0094,-0.012345167516236148,-0.012295356581219349,0.0029997760470955198
c.2132,2132,87.5,4012.5,54.0,-0.0094,-0.011373473799989327,-0.011338133717732587,0.0028558047080046566
c.2133,2133,87.5,4037.5,54.0,-0.0094,-0.009152013732298906,-0.009151904018798094,0.00297251456444153
c.2134,2134,87.5,4062.5,54.0,-0.0094,-0.009946423071053189,-0.009885411726553075,0.0025428420893032393
c.2135,2135,87.5,4087.5,54.0,-0.0094,-0.009119471630474786,-0.009214109716007314,0.002738159573745994
c.2136,2136,87.5,4112.5,54.0,-0.0094,-0.00530044493430858,-0.0051255073998257746,0.002563335870034266
c.2137,2137,87.5,4137.5,54.0,-0.0094,-0.008498704405131195,-0.00844215566002283,0.0032454836001091767
c.2186,2186,112.5,3662.5,54.0,-0.0094,-0.008992806164352819,-0.009066112724212084,0.003399103219501796
c.2187,2187,112.5,3687.5,54.0,-0.0094,-0.008112664675206977,-0.008141278799114292,0.0032651991819867545
c.2188,2188,112.5,3712.5,54.0,-0.0094,-0.007770692620555559,-0.007873710368375038,0.0031153221660860674
c.2189,2189,112.5,3737.5,54.0,-0.0094,-0.007863902003400185,-0.0078701837016611,0.0030667152856353954
c.2190,2190,112.5,3762.5,54.0,-0.0094,-0.00787428521244519,-0.007873231587954659,0.0030734190332847404
c.2191,2191,112.5,3787.5,54.0,-0.0094,-0.008578139220423662,-0.008613499957121011,0.0031436216697669443
c.2192,2192,112.5,3812.5,54.0,-0.0094,-0.007740501557829448,-0.0077306311859986765,0.003127192787483617
c.2193,2193,112.5,3837.5,54.0,-0.0094,-0.007492101254453137,-0.007382114338376601,0.003017159998185377
c.2194,2194,112.5,3862.5,54.0,-0.0094,-0.008813027356033535,-0.008889898196601647,0.002959214264719357
c.2195,2195,112.5,3887.5,54.0,-0.0094,-0.009701054490766414,-0.009644770030212357,0.0031740204634370084
c.2196,2196,112.5,3912.5,54.0,-0.0094,-0.01077325847876725,-0.010794124909262789,0.003087586721369421
c.2197,2197,112.5,3937.5,54.0,-0.0094,-0.010883624044118039,-0.010989572927410282,0.0027669711592107336
c.2198,2198,112.5,3962.5,54.0,-0.0094,-0.013340879060536551,-0.013395944938884134,0.0028536340938542623
c.2199,2199,112.5,3987.5,54.0,-0.0094,-0.013054010224599871,-0.01300532874367679,0.002775772922234525
c.2200,2200,112.5,4012.5,54.0,-0.0094,-0.01175245958819341,-0.011676465069647429,0.0029947788011905527
c.2201,2201,112.5,4037.5,54.0,-0.0094,-0.009743482773221958,-0.00977547135832696,0.002705216110372266
c.2202,2202,112.5,4062.5,54.0,-0.0094,-0.008706003719414199,-0.008666298576638053,0.0025962371889512673
c.2203,2203,112.5,4087.5,54.0,-0.0094,-0.0048192746648974645,-0.004773359984508365,0.002198793955322014
c.2204,2204,112.5,4112.5,54.0,-0.0094,-0.002934504070542317,-0.0027293736549117067,0.0019461180656763569
c.2205,2205,112.5,4137.5,54.0,-0.0094,-0.009153506018799155,-0.009019798210360714,0.0033361780122888257
c.2254,2254,137.5,3662.5,54.0,-0.0094,-0.00902971287241074,-0.009001768668946442,0.0032029591177150534
c.2255,2255,137.5,3687.5,54.0,-0.0094,-0.007738777390041587,-0.007668415577699545,0.002928156084701263
c.2256,2256,137.5,3712.5,54.0,-0.0094,-0.006706638565344571,-0.006621295565944174,0.002864719066486377
c.2257,2257,137.5,3737.5,54.0,-0.0094,-0.006707739736297278,-0.00671013837506819,0.003001078249462146
c.2258,2258,137.5,3762.5,54.0,-0.0094,-0.007574130090412729,-0.007423228856601021,0.003084085379775711
c.2259,2259,137.5,3787.5,54.0,-0.0094,-0.007580459202041232,-0.00753936146683503,0.0032409589194245412
c.2260,2260,137.5,3812.5,54.0,-0.0094,-0.008653807469984409,-0.008787886067804184,0.003299538528790716
c.2261,2261,137.5,3837.5,54.0,-0.0094,-0.008898834927542986,-0.00894115376482341,0.0030572082546226043
c.2262,2262,137.5,3862.5,54.0,-0.0094,-0.00911347279477788,-0.009077844574379983,0.0026189599907183265
c.2263,2263,137.5,3887.5,54.0,-0.0094,-0.009052079518003815,-0.009197800562101023,0.0029221817322921547
c.2264,2264,137.5,3912.5,54.0,-0.0094,-0.008750257459879231,-0.00882890104704006,0.002681469089042983
c.2265,2265,137.5,3937.5,54.0,-0.0094,-0.011101154068627437,-0.011122122711829809,0.0026472636385081803
c.2266,2266,137.5,3962.5,54.0,-0.0094,-0.011342755954068634,-0.011277154894884532,0.002607834122452589
c.2267,2267,137.5,3987.5,54.0,-0.0094,-0.012485644378803623,-0.012494194927335351,0.002710679820491553
c.2268,2268,137.5,4012.5,54.0,-0.0094,-0.011846410718927523,-0.011818225002147291,0.002693765837567235
c.2269,2269,137.5,4037.5,54.0,-0.0094,-0.008603885269619745,-0.008557319216323737,0.0025109225284914746
c.2270,2270,137.5,4062.5,54.0,-0.0094,-0.009302500040747732,-0.009214695908601682,0.002583316809201723
c.2271,2271,137.5,4087.5,54.0,-0.0094,-0.008903883453090115,-0.008922788580279076,0.0024761929083058384
c.2272,2272,137.5,4112.5,54.0,-0.0094,-0.009892903600363202,-0.009891386169477889,0.0026940392985976645
c.2273,2273,137.5,4137.5,54.0,-0.0094,-0.009327705696036232,-0.0093404241482212,0.0026717422020066236
c.2274,2274,137.5,4162.5,54.0,-0.0094,-0.00924963783765953,-0.009281931404388362,0.0038871472373625203
c.2323,2323,162.5,3687.5,54.0,-0.0094,-0.009277595318012295,-0.009207437722467144,0.0035954675578406857
c.2324,2324,162.5,3712.5,54.0,-0.0094,-0.009565751097230818,-0.009505738261290215,0.0032502315357628314
c.2325,2325,162.5,3737.5,54.0,-0.0094,-0.008707684798793556,-0.008682776241477664,0.0029712560509188054
c.2326,2326,162.5,3762.5,54.0,-0.0094,-0.007338526864590415,-0.007350075943870402,0.002950498619381132
c.2327,2327,162.5,3787.5,54.0,-0.0094,-0.007028097742651872,-0.006928368541095662,0.002934574277450495
c.2328,2328,162.5,3812.5,54.0,-0.0094,-0.0082184776576055,-0.00816812577012753,0.0030390641976690584
c.2329,2329,162.5,3837.5,54.0,-0.0094,-0.009526240919939862,-0.009469662025035026,0.002770258026039264
c.2330,2330,162.5,3862.5,54.0,-0.0094,-0.010041929313769902,-0.01007020638008122,0.002731181851934609
c.2331,2331,162.5,3887.5,54.0,-0.0094,-0.009134693701937957,-0.00900198741180096,0.0027044076291002643
c.2332,2332,162.5,3912.5,54.0,-0.0094,-0.007776089988799352,-0.007816584704707225,0.0024294301337870927
c.2333,2333,162.5,3937.5,54.0,-0.0094,-0.009980352011691647,-0.009963640772955144,0.002467169458384766
c.2334,2334,162.5,3962.5,54.0,-0.0094,-0.008630684141827044,-0.00864891236579111,0.0021473797356753614
c.2335,2335,162.5,3987.5,54.0,-0.0094,-0.005857292082373791,-0.00584673553690874,0.0020508503961547487
c.2336,2336,162.5,4012.5,54.0,-0.0094,-0.011191832483394292,-0.011202877415909729,0.0022446882500028417
c.2337,2337,162.5,4037.5,54.0,-0.0094,-0.009669424461830334,-0.009636550169254965,0.002434413068927632
c.2338,2338,162.5,4062.5,54.0,-0.0094,-0.009217969440056026,-0.00924271045158618,0.002626059113159409
c.2339,2339,162.5,4087.5,54.0,-0.0094,-0.01584453738813256,-0.015752529044865484,0.002489513421179698
c.2340,2340,162.5,4112.5,54.0,-0.0094,-0.012074621928425339,-0.01205973508094563,0.0027090289622600846
c.2341,2341,162.5,4137.5,54.0,-0.0094,-0.00902158517058739,-0.00901534241286335,0.00270384353324275
c.2342,2342,162.5,4162.5,54.0,-0.0094,-0.010035174166572219,-0.009968166326489128,0.003551192161365953
c.2392,2392,187.5,3712.5,54.0,-0.0094,-0.010008560417187146,-0.01012946383603397,0.0033385625870659655
c.2393,2393,187.5,3737.5,54.0,-0.0094,-0.010401938451835764,-0.01024853709121876,0.0033938904259918448
c.2394,2394,187.5,3762.5,54.0,-0.0094,-0.009510842626640077,-0.009711301526540827,0.003279864764025033
c.2395,2395,187.5,3787.5,54.0,-0.0094,-0.009824002598708331,-0.00983282911528573,0.0033168058400837464
c.2396,2396,187.5,3812.5,54.0,-0.0094,-0.011032437948266699,-0.010842589677639817,0.0031136781827762155
c.2397,2397,187.5,3837.5,54.0,-0.0094,-0.010047428791551679,-0.010045097527108596,0.0027640082028504
c.2398,2398,187.5,3862.5,54.0,-0.0094,-0.010092141001296516,-0.010095944816235292,0.0024130024530954657
c.2399,2399,187.5,3887.5,54.0,-0.0094,-0.008929667249043411,-0.008947874325358356,0.0024147657729019925
c.2400,2400,187.5,3912.5,54.0,-0.0094,-0.009030644577946145,-0.009086546572870422,0.0023770613141877997
c.2401,2401,187.5,3937.5,54.0,-0.0094,-0.011148218140902978,-0.01112893149444244,0.0022005014688423847
c.2402,2402,187.5,3962.5,54.0,-0.0094,-0.011332455093531296,-0.011315891897403955,0.0021989136461094136
c.2403,2403,187.5,3987.5,54.0,-0.0094,-0.012683997480159389,-0.012678191455749336,0.0022275785566065534
c.2404,2404,187.5,4012.5,54.0,-0.0094,-0.01576958985655866,-0.015793429531155576,0.0023829352903877296
c.2405,2405,187.5,4037.5,54.0,-0.0094,-0.01234752895462089,-0.012321568451136508,0.0024692409366356273
c.2406,2406,187.5,4062.5,54.0,-0.0094,-0.015638197692442853,-0.015676172304030494,0.002483069682935371
c.2407,2407,187.5,4087.5,54.0,-0.0094,-0.01693319040454778,-0.01687608484372764,0.0026307712784619615
c.2408,2408,187.5,4112.5,54.0,-0.0094,-0.009862971418890273,-0.009815955408422804,0.0027207462616841995
c.2409,2409,187.5,4137.5,54.0,-0.0094,-0.00913929226300961,-0.009202692454398198,0.0027866803324184497
c.2410,2410,187.5,4162.5,54.0,-0.0094,-0.010212659804188031,-0.01036634186027658,0.003031557824578594
c.2461,2461,212.5,3737.5,54.0,-0.0094,-0.010366767015865514,-0.010426467441137515,0.0035142439381714756
c.2462,2462,212.5,3762.5,54.0,-0.0094,-0.011059739772476904,-0.011012895495382643,0.0032717337829371927
c.2463,2463,212.5,3787.5,54.0,-0.0094,-0.010985338900374668,-0.010944018697383116,0.003405559096770314
c.2464,2464,212.5,3812.5,54.0,-0.0094,-0.011778532215111626,-0.011721854573186953,0.0033447349252688505
c.2465,2465,212.5,3837.5,54.0,-0.0094,-0.014292436445440988,-0.014279112246037364,0.0026681161229045614
c.2466,2466,212.5,3862.5,54.0,-0.0094,-0.014208336834523614,-0.01419720525571454,0.00233631993800022
c.2467,2467,212.5,3887.5,54.0,-0.0094,-0.010158406846827242,-0.01025678581394196,0.002222363974238731
c.2468,2468,212.5,3912.5,54.0,-0.0094,-0.01167709973714487,-0.011589575120462964,0.002132107762990011
c.2469,2469,212.5,3937.5,54.0,-0.0094,-0.01149240313011608,-0.011447494211293152,0.0022563839516915084
c.2470,2470,212.5,3962.5,54.0,-0.0094,-0.009190436337100436,-0.009045429106577737,0.0023437876656689192
c.2471,2471,212.5,3987.5,54.0,-0.0094,-0.01201912006394623,-0.012085252731131674,0.0023316797049059627
c.2472,2472,212.5,4012.5,54.0,-0.0094,-0.008388821277644731,-0.008379968483603204,0.0026509935642081324
c.2473,2473,212.5,4037.5,54.0,-0.0094,-0.012838428095428017,-0.01275387002795521,0.0027121316444188807
c.2474,2474,212.5,4062.5,54.0,-0.0094,-0.013921012010586455,-0.013928403942910086,0.0027908801046301153
c.2475,2475,212.5,4087.5,54.0,-0.0094,-0.011395408445609094,-0.011456213282947034,0.002784940229543404
c.2476,2476,212.5,4112.5,54.0,-0.0094,-0.010522474545064331,-0.010600494259470898,0.0027739048076008254
c.2477,2477,212.5,4137.5,54.0,-0.0094,-0.009797335869872827,-0.009691635076050642,0.0028613973611831423
c.2478,2478,212.5,4162.5,54.0,-0.0094,-0.010217064932321263,-0.010136373336902144,0.003083338042084304
c.2479,2479,212.5,4187.5,54.0,-0.0094,-0.010233648088478754,-0.010267041704113966,0.0034191834246050305
c.2530,2530,237.5,3762.5,54.0,-0.0094,-0.010569978050145534,-0.010534550130263545,0.00354772024587434
c.2531,2531,237.5,3787.5,54.0,-0.0094,-0.011644628280556575,-0.011658032254011453,0.0034763409310711478
c.2532,2532,237.5,3812.5,54.0,-0.0094,-0.012180268314918245,-0.012161133274203172,0.0037763958595502124
c.2533,2533,237.5,3837.5,54.0,-0.0094,-0.014802778292933735,-0.014829558649665993,0.002440826724119371
c.2534,2534,237.5,3862.5,54.0,-0.0094,-0.008506516125450937,-0.008509100939863852,0.0020813488980867276
c.2535,2535,237.5,3887.5,54.0,-0.0094,-0.007690379711372322,-0.007699802503861488,0.0019803245928441834
c.2536,2536,237.5,3912.5,54.0,-0.0094,-0.015615341737003971,-0.015670301688348973,0.002029940767895926
c.2537,2537,237.5,3937.5,54.0,-0.0094,-0.009868698794372969,-0.009809129397862711,0.002180523419212735
c.2538,2538,237.5,3962.5,54.0,-0.0094,-0.006422092289780701,-0.006305919127321347,0.002284348958380728
c.2539,2539,237.5,3987.5,54.0,-0.0094,-0.004383791784291999,-0.004337611631942734,0.002153016303396067
c.2540,2540,237.5,4012.5,54.0,-0.0094,-0.0077623407377949965,-0.007768643675681892,0.0023267929810905337
c.2541,2541,237.5,4037.5,54.0,-0.0094,-0.007134906355086968,-0.0072224287511626906,0.0023531466116289714
c.2542,2542,237.5,4062.5,54.0,-0.0094,-0.009169518973478643,-0.009208509346342594,0.0023881749473306135
c.2543,2543,237.5,4087.5,54.0,-0.0094,-0.011336384082665579,-0.01127384798432152,0.0026066712797520914
c.2544,2544,237.5,4112.5,54.0,-0.0094,-0.010256754090848934,-0.01025560454135906,0.0024865908902922916
c.2545,2545,237.5,4137.5,54.0,-0.0094,-0.009933763813773016,-0.009932001896769446,0.0028871261285213475
c.2546,2546,237.5,4162.5,54.0,-0.0094,-0.010749136043034135,-0.010701255859588454,0.003228611868354821
c.2547,2547,237.5,4187.5,54.0,-0.0094,-0.011078987506962668,-0.01102392838559195,0.0033059442375058846
c.2599,2599,262.5,3787.5,54.0,-0.0094,-0.011176197974757699,-0.011203673342577151,0.0035510345333731037
c.2600,2600,262.5,3812.5,54.0,-0.0094,-0.012116148764375802,-0.012094554964383285,0.0033549503327980575
c.2601,2601,262.5,3837.5,54.0,-0.0094,-0.013448899117632104,-0.013392986319382209,0.002777234493425448
c.2602,2602,262.5,3862.5,54.0,-0.0094,-0.004657370938753147,-0.004621892031840763,0.0018678500199636242
c.2603,2603,262.5,3887.5,54.0,-0.0094,-0.010284804223455927,-0.010346310072872487,0.0019634738611598525
c.2604,2604,262.5,3912.5,54.0,-0.0094,-0.012338007549452752,-0.01236544362302309,0.001851908281414885
c.2605,2605,262.5,3937.5,54.0,-0.0094,-0.010832327322835006,-0.010847142904350224,0.0021431132653709833
c.2606,2606,262.5,3962.5,54.0,-0.0094,-0.007482300405099556,-0.0075266305715485406,0.0023403364952559367
c.2607,2607,262.5,3987.5,54.0,-0.0094,-0.00647372428427509,-0.006344666432758315,0.0026380758922698935
c.2608,2608,262.5,4012.5,54.0,-0.0094,-0.008974327150207543,-0.008994033502299974,0.002550745851946479
c.2609,2609,262.5,4037.5,54.0,-0.0094,-0.011156819598693902,-0.011098170562146641,0.002630414566135677
c.2610,2610,262.5,4062.5,54.0,-0.0094,-0.009541639042072784,-0.009586936672569973,0.0022736287665594984
c.2611,2611,262.5,4087.5,54.0,-0.0094,-0.011030882418836988,-0.010947060182344766,0.0020423484781760056
c.2612,2612,262.5,4112.5,54.0,-0.0094,-0.00929254213714078,-0.009313647629003694,0.0023064580978363245
c.2613,2613,262.5,4137.5,54.0,-0.0094,-0.010761811528067834,-0.010762300055909337,0.0027038043033173194
c.2614,2614,262.5,4162.5,54.0,-0.0094,-0.013461625204935697,-0.013451247325657466,0.002951852389791575
c.2615,2615,262.5,4187.5,54.0,-0.0094,-0.010739166615358592,-0.010739835050175606,0.0026393574617002676
c.2616,2616,262.5,4212.5,54.0,-0.0094,-0.009691849794735686,-0.009643832769677518,0.0035771373413245253
c.2668,2668,287.5,3812.5,54.0,-0.0094,-0.011161529093725576,-0.011142296639971981,0.0035143713161051096
c.2669,2669,287.5,3837.5,54.0,-0.0094,-0.005634338474535979,-0.005606778387184397,0.0023193886404689213
c.2670,2670,287.5,3862.5,54.0,-0.0094,-0.0018938413855364466,-0.001672723905694422,0.0013531858217798057
c.2671,2671,287.5,3887.5,54.0,-0.0094,-0.012119346036794593,-0.012167266435375093,0.002085016154048226
c.2672,2672,287.5,3912.5,54.0,-0.0094,-0.007475651506260791,-0.007509919003668754,0.0017380091516671827
c.2673,2673,287.5,3937.5,54.0,-0.0094,-0.00713939671332877,-0.007173412070520721,0.0021251193816686584
c.2674,2674,287.5,3962.5,54.0,-0.0094,-0.003953171018707406,-0.0038092345578831406,0.0021851174421040898
c.2675,2675,287.5,3987.5,54.0,-0.0094,-0.00860106320162736,-0.00867330976058051,0.002488988988842359
c.2676,2676,287.5,4012.5,54.0,-0.0094,-0.012846390461349505,-0.012834225628130686,0.002614983963588243
c.2677,2677,287.5,4037.5,54.0,-0.0094,-0.014409780990111398,-0.014381820809694978,0.0024094450233877597
c.2678,2678,287.5,4062.5,54.0,-0.0094,-0.02018088091566109,-0.02011092228740656,0.0021929810460550882
c.2679,2679,287.5,4087.5,54.0,-0.0094,-0.013942644286918835,-0.013930648460318273,0.0017999102460812242
c.2680,2680,287.5,4112.5,54.0,-0.0094,-0.01113783330806539,-0.011132844108448475,0.0017773601072239786
c.2681,2681,287.5,4137.5,54.0,-0.0094,-0.01077830136886083,-0.010704229017105497,0.002827756005147001
c.2682,2682,287.5,4162.5,54.0,-0.0094,-0.009118726252773473,-0.009051084543656959,0.002656294321465759
c.2683,2683,287.5,4187.5,54.0,-0.0094,-0.008543828461484588,-0.008610555726046654,0.0026425460695766673
c.2684,2684,287.5,4212.5,54.0,-0.0094,-0.00953590991450511,-0.0095092734388698,0.0030176739115180128
c.2685,2685,287.5,4237.5,54.0,-0.0094,-0.010004616993825573,-0.009992166825432192,0.0034678703609381063
c.2735,2735,312.5,3787.5,54.0,-0.0094,-0.013035847962401653,-0.012986431403832599,0.003683838265063875
c.2736,2736,312.5,3812.5,54.0,-0.0094,-0.014903368423555706,-0.01489914166976105,0.003341144633961531
c.2737,2737,312.5,3837.5,54.0,-0.0094,-0.012568721822263334,-0.01268154706068015,0.0027426665771533927
c.2738,2738,312.5,3862.5,54.0,-0.0094,-0.009451099438164946,-0.009465754295938163,0.002385279236870595
c.2739,2739,312.5,3887.5,54.0,-0.0094,-0.013538629584670442,-0.013562683040432063,0.002200274140365762
c.2740,2740,312.5,3912.5,54.0,-0.0094,-0.006379207784354579,-0.006357959758336593,0.0020748849696284734
c.2741,2741,312.5,3937.5,54.0,-0.0094,-0.0069980439000507655,-0.0069759650430701575,0.0018834685218345622
c.2742,2742,312.5,3962.5,54.0,-0.0094,-0.01200459539593174,-0.012059803191719207,0.002132714080990624
c.2743,2743,312.5,3987.5,54.0,-0.0094,-0.013527638531909204,-0.013547922131271312,0.002363750139506722
c.2744,2744,312.5,4012.5,54.0,-0.0094,-0.011445221005742821,-0.011456236840670899,0.002395599738255567
c.2745,2745,312.5,4037.5,54.0,-0.0094,-0.009893659310872568,-0.009969864784888231,0.0023780130709085464
c.2746,2746,312.5,4062.5,54.0,-0.0094,-0.00878519676392545,-0.008696466128677614,0.0022351530665646042
c.2747,2747,312.5,4087.5,54.0,-0.0094,-0.004067586297023457,-0.004019486445902998,0.0018166063685775057
c.2748,2748,312.5,4112.5,54.0,-0.0094,-0.0074962375592542325,-0.0075025940704672636,0.0017754977857881032
c.2749,2749,312.5,4137.5,54.0,-0.0094,-0.006331809646089971,-0.0062843307613998055,0.002258488629605941
c.2750,2750,312.5,4162.5,54.0,-0.0094,-0.006194446797735438,-0.006229728266875782,0.0019746964614842616
c.2751,2751,312.5,4187.5,54.0,-0.0094,-0.0071781328124237015,-0.0072378290294680195,0.002886915366626281
c.2752,2752,312.5,4212.5,54.0,-0.0094,-0.010074635421905849,-0.01003525970506515,0.002874845825100313
c.2753,2753,312.5,4237.5,54.0,-0.0094,-0.009277814891897078,-0.009127508498169389,0.0033502158119717886
c.2754,2754,312.5,4262.5,54.0,-0.0094,-0.009143849321201429,-0.009068070567787058,0.003453558694395112
c.2801,2801,337.5,3737.5,54.0,-0.0094,-0.009836853527680095,-0.009678906806062674,0.0037662421296939387
c.2802,2802,337.5,3762.5,54.0,-0.0094,-0.01323411282147364,-0.013249664091235437,0.0032263573756463153
c.2803,2803,337.5,3787.5,54.0,-0.0094,-0.01572194012271427,-0.015769160277987887,0.0028082428708249597
c.2804,2804,337.5,3812.5,54.0,-0.0094,-0.014357707490312304,-0.01440231639013033,0.00271846271357383
c.2805,2805,337.5,3837.5,54.0,-0.0094,-0.012035022547938416,-0.011894926011803052,0.002859684809868201
c.2806,2806,337.5,3862.5,54.0,-0.0094,-0.014129570496700748,-0.014131033035808326,0.002585123868645864
c.2807,2807,337.5,3887.5,54.0,-0.0094,-0.011072336620197791,-0.01107173488057956,0.0027822878434420268
c.2808,2808,337.5,3912.5,54.0,-0.0094,-0.010623044384562635,-0.010531777406602598,0.0028235065135226154
c.2809,2809,337.5,3937.5,54.0,-0.0094,-0.01339285605696422,-0.01337472510744277,0.0024575408420215426
c.2810,2810,337.5,3962.5,54.0,-0.0094,-0.014482153571983897,-0.014442865817194879,0.0021881449559965735
c.2811,2811,337.5,3987.5,54.0,-0.0094,-0.01288181052062943,-0.012817760040882389,0.0023460028509841397
c.2812,2812,337.5,4012.5,54.0,-0.0094,-0.00776029772028494,-0.007759669544923329,0.0022589871724820526
c.2813,2813,337.5,4037.5,54.0,-0.0094,-0.0064750698171171,-0.006320581859681304,0.00262986882261969
c.2814,2814,337.5,4062.5,54.0,-0.0094,-0.003993957401537389,-0.003796199417972594,0.002096755484455222
c.2815,2815,337.5,4087.5,54.0,-0.0094,-0.009773604307964893,-0.009849864343909194,0.002205299034613322
c.2816,2816,337.5,4112.5,54.0,-0.0094,-0.004526465078759128,-0.004449906744945992,0.0020586344826899155
c.2817,2817,337.5,4137.5,54.0,-0.0094,-0.004351322925673626,-0.004363308177753635,0.0018010179036095156
c.2818,2818,337.5,4162.5,54.0,-0.0094,-0.00822816832416338,-0.00810201375795479,0.002174453643885303
c.2819,2819,337.5,4187.5,54.0,-0.0094,-0.006536012048003877,-0.006543624545231138,0.0024136010377609385
c.2820,2820,337.5,4212.5,54.0,-0.0094,-0.009321034496463204,-0.009337992683425701,0.002666072697019872
c.2821,2821,337.5,4237.5,54.0,-0.0094,-0.008782617029632773,-0.008704610723849968,0.0032883704728140467
c.2822,2822,337.5,4262.5,54.0,-0.0094,-0.00866801872358115,-0.008682964540346602,0.003356007349715614
c.2830,2830,337.5,4462.5,54.0,-0.0094,-0.009423841008541843,-0.00943477462530154,0.003341005037237887
c.2831,2831,337.5,4487.5,54.0,-0.0094,-0.008129064564277678,-0.008044879395426436,0.0030652792720992287
c.2832,2832,337.5,4512.5,54.0,-0.0094,-0.009448241604103508,-0.009592503050125122,0.0038708234526892795
c.2867,2867,362.5,3687.5,54.0,-0.0094,-0.00863469933510855,-0.00844778800163142,0.0035242639483455433
c.2868,2868,362.5,3712.5,54.0,-0.0094,-0.008005974024669923,-0.007966960531533111,0.0033086207547064184
c.2869,2869,362.5,3737.5,54.0,-0.0094,-0.008588013133421831,-0.008467447265603754,0.0031160532341963387
c.2870,2870,362.5,3762.5,54.0,-0.0094,-0.008927966958959532,-0.008813153350319623,0.0031338509280687574
c.2871,2871,362.5,3787.5,54.0,-0.0094,-0.010987138779799272,-0.010972140162177312,0.003158655735286825
c.2872,2872,362.5,3812.5,54.0,-0.0094,-0.010618020683143404,-0.010603412880202445,0.0033126859385855497
c.2873,2873,362.5,3837.5,54.0,-0.0094,-0.011493394588759677,-0.01146945418434367,0.003189849231134019
c.2874,2874,362.5,3862.5,54.0,-0.0094,-0.010616324686964695,-0.010656094887650992,0.0030431936213783364
c.2875,2875,362.5,3887.5,54.0,-0.0094,-0.012653814494222815,-0.012528664028445383,0.002565390056682138
c.2876,2876,362.5,3912.5,54.0,-0.0094,-0.010943264145046778,-0.011002388162227244,0.0027941532934464956
c.2877,2877,362.5,3937.5,54.0,-0.0094,-0.013513239614691811,-0.01355427114630504,0.002820114543758054
c.2878,2878,362.5,3962.5,54.0,-0.0094,-0.01649306547490923,-0.016590879737170598,0.0026388441375301253
c.2879,2879,362.5,3987.5,54.0,-0.0094,-0.013011603702575167,-0.013040345350200704,0.0025250119895361186
c.2880,2880,362.5,4012.5,54.0,-0.0094,-0.013611509193568126,-0.013571982325354589,0.0025652950247771152
c.2881,2881,362.5,4037.5,54.0,-0.0094,-0.008920748492192715,-0.008954415840946348,0.0022961004843294977
c.2882,2882,362.5,4062.5,54.0,-0.0094,-0.010737189662218856,-0.010708215984114259,0.0021369299646535112
c.2883,2883,362.5,4087.5,54.0,-0.0094,-0.011449536128191206,-0.011450103653043536,0.0022174849601631643
c.2884,2884,362.5,4112.5,54.0,-0.0094,-0.01339398506474032,-0.013306160120215856,0.002297477203946774
c.2885,2885,362.5,4137.5,54.0,-0.0094,-0.013522888155908252,-0.013532489910720896,0.0023368646760215154
c.2886,2886,362.5,4162.5,54.0,-0.0094,-0.00870652812677201,-0.008734426744276182,0.0022710636221395424
c.2887,2887,362.5,4187.5,54.0,-0.0094,-0.00884322462550888,-0.008698629865027056,0.0025445164777278943
c.2888,2888,362.5,4212.5,54.0,-0.0094,-0.008673153814263002,-0.00858566660987135,0.0025426254083663353
c.2889,2889,362.5,4237.5,54.0,-0.0094,-0.009410813464861778,-0.009448582702622457,0.0031442817036692917
c.2890,2890,362.5,4262.5,54.0,-0.0094,-0.009748474907485564,-0.009716255777987895,0.0031385170208944302
c.2895,2895,362.5,4387.5,54.0,-0.0094,-0.01056124523192539,-0.010646747947913232,0.00342601682711164
c.2896,2896,362.5,4412.5,54.0,-0.0094,-0.010813711756158412,-0.010778581350120317,0.003612624225039496
c.2897,2897,362.5,4437.5,54.0,-0.0094,-0.01041565152948144,-0.010368178766525897,0.003213770963939597
c.2898,2898,362.5,4462.5,54.0,-0.0094,-0.006652538925772772,-0.00665156055621037,0.002628460156071002
c.2899,2899,362.5,4487.5,54.0,-0.0094,-0.007029700580309601,-0.0070526681248298025,0.0026498452723309105
c.2900,2900,362.5,4512.5,54.0,-0.0094,-0.009411538112306474,-0.009502650212924853,0.0032033493541395613
c.2901,2901,362.5,4537.5,54.0,-0.0094,-0.011130533833652603,-0.01102770188855628,0.0032638845395226595
c.2934,2934,387.5,3662.5,54.0,-0.0094,-0.008590172947368925,-0.008495730042775585,0.0037607189720787215
c.2935,2935,387.5,3687.5,54.0,-0.0094,-0.008137811765341972,-0.008063182984897617,0.003275614185908627
c.2939,2939,387.5,3787.5,54.0,-0.0094,-0.009640916848791155,-0.009547435585808743,0.00345985825132708
c.2940,2940,387.5,3812.5,54.0,-0.0094,-0.009140926954903124,-0.0092231162438269,0.003275830922616717
c.2941,2941,387.5,3837.5,54.0,-0.0094,-0.008560802481325826,-0.008623036211497903,0.0032350880455093477
c.2942,2942,387.5,3862.5,54.0,-0.0094,-0.01112056864131359,-0.01112460327586285,0.0029586593372302613
c.2943,2943,387.5,3887.5,54.0,-0.0094,-0.011067615608249239,-0.011036351066403095,0.003243203758395793
c.2944,2944,387.5,3912.5,54.0,-0.0094,-0.010116783351402476,-0.010157438833259787,0.0032244269201841726
c.2945,2945,387.5,3937.5,54.0,-0.0094,-0.010915086459916054,-0.011010817651345775,0.0029148382119390808
c.2946,2946,387.5,3962.5,54.0,-0.0094,-0.015657959929084125,-0.015718409449198605,0.0026598748157936644
c.2947,2947,387.5,3987.5,54.0,-0.0094,-0.015680067031118808,-0.01572616432663793,0.0025603119987703694
c.2948,2948,387.5,4012.5,54.0,-0.0094,-0.009482074264002644,-0.009413104260070495,0.0025716532296176675
c.2949,2949,387.5,4037.5,54.0,-0.0094,-0.007323830342054133,-0.0073211546150559245,0.002110203639842466
c.2950,2950,387.5,4062.5,54.0,-0.0094,-0.01274885337562512,-0.012726063680252114,0.0022661442545661853
c.2951,2951,387.5,4087.5,54.0,-0.0094,-0.016417046810681454,-0.016419433891658362,0.002187329037134511
c.2952,2952,387.5,4112.5,54.0,-0.0094,-0.015366844792741412,-0.015382836964378059,0.0022180639059107363
c.2953,2953,387.5,4137.5,54.0,-0.0094,-0.014885531118739538,-0.014871107921054732,0.0023402926875480167
c.2954,2954,387.5,4162.5,54.0,-0.0094,-0.013132511095845898,-0.01309771914297818,0.0024529121128051765
c.2955,2955,387.5,4187.5,54.0,-0.0094,-0.01069578976906682,-0.010734737520886314,0.002465791384556738
c.2956,2956,387.5,4212.5,54.0,-0.0094,-0.009681524688404984,-0.009689811879572047,0.0027088943098232117
c.2957,2957,387.5,4237.5,54.0,-0.0094,-0.011420762166732374,-0.011365245580547334,0.0028120511957130164
c.2958,2958,387.5,4262.5,54.0,-0.0094,-0.010212938343647775,-0.010243894953155391,0.002872978264639092
c.2959,2959,387.5,4287.5,54.0,-0.0094,-0.010105526802384112,-0.010187162749198226,0.0029232367129013977
c.2960,2960,387.5,4312.5,54.0,-0.0094,-0.00828968001194538,-0.00838018652832339,0.003177897877094319
c.2961,2961,387.5,4337.5,54.0,-0.0094,-0.008834674046052527,-0.008748780384431654,0.0033998088259653307
c.2962,2962,387.5,4362.5,54.0,-0.0094,-0.010255069626994712,-0.010151600872766547,0.0035295833868295213
c.2963,2963,387.5,4387.5,54.0,-0.0094,-0.011883920537633501,-0.011870142450135875,0.0033021489147408542
c.2964,2964,387.5,4412.5,54.0,-0.0094,-0.010885098262857506,-0.01089438535335229,0.003074227235938382
c.2965,2965,387.5,4437.5,54.0,-0.0094,-0.007446810923376944,-0.0074224317870019655,0.0027746738953649836
c.2966,2966,387.5,4462.5,54.0,-0.0094,-0.007398553439277779,-0.007488505509308806,0.0029038490047050497
c.2967,2967,387.5,4487.5,54.0,-0.0094,-0.007297492879306615,-0.007377939309831804,0.0027698187998898478
c.2968,2968,387.5,4512.5,54.0,-0.0094,-0.008928521416129195,-0.008865037844039577,0.0030922904230004174
c.2969,2969,387.5,4537.5,54.0,-0.0094,-0.009661315645950123,-0.009651586125902098,0.003088558334203529
c.2970,2970,387.5,4562.5,54.0,-0.0094,-0.011739652187755828,-0.011620937406987733,0.003503572720815194
c.2971,2971,387.5,4587.5,54.0,-0.0094,-0.011070581478773827,-0.011055048936642494,0.00356008791993735
c.3009,3009,412.5,3837.5,54.0,-0.0094,-0.009175054366901952,-0.009090796601618956,0.003330550650129228
c.3010,3010,412.5,3862.5,54.0,-0.0094,-0.008567707381439279,-0.008755131150779423,0.00329499860674747
c.3011,3011,412.5,3887.5,54.0,-0.0094,-0.009802727070941304,-0.00979529309768136,0.003400602229839972
c.3012,3012,412.5,3912.5,54.0,-0.0094,-0.00952940618748444,-0.009499334422529804,0.003401308515998843
c.3013,3013,412.5,3937.5,54.0,-0.0094,-0.010343855509714103,-0.01038289826415471,0.003212206062446464
c.3014,3014,412.5,3962.5,54.0,-0.0094,-0.012490028359922013,-0.01247717999278272,0.002810603449947828
c.3015,3015,412.5,3987.5,54.0,-0.0094,-0.010550260224396426,-0.01061210929477878,0.002614887217565971
c.3016,3016,412.5,4012.5,54.0,-0.0094,-0.006002337510208726,-0.005916013126150102,0.0022111252652274394
c.3017,3017,412.5,4037.5,54.0,-0.0094,-0.0078981733805138,-0.00789321232983083,0.001992788929640012
c.3018,3018,412.5,4062.5,54.0,-0.0094,-0.007603919225372523,-0.007637113864468095,0.0018259858562241064
c.3019,3019,412.5,4087.5,54.0,-0.0094,-0.012151017086434873,-0.012174761610044224,0.001857325916536015
c.3020,3020,412.5,4112.5,54.0,-0.0094,-0.016684180743008387,-0.016692176748734855,0.0018659838446000074
c.3021,3021,412.5,4137.5,54.0,-0.0094,-0.013558107280924098,-0.013537285699191565,0.0020057740643767306
c.3022,3022,412.5,4162.5,54.0,-0.0094,-0.013667630281567934,-0.013533686856448351,0.002153353366486881
c.3023,3023,412.5,4187.5,54.0,-0.0094,-0.014448339085076076,-0.014478936712173755,0.0021398614140288263
c.3024,3024,412.5,4212.5,54.0,-0.0094,-0.009936393590761407,-0.009944850362462655,0.0023226469519841506
c.3025,3025,412.5,4237.5,54.0,-0.0094,-0.008407797554655233,-0.008340078983872554,0.0024143886254271644
c.3026,3026,412.5,4262.5,54.0,-0.0094,-0.010817087679009272,-0.010840173383176065,0.0026268833395952755
c.3027,3027,412.5,4287.5,54.0,-0.0094,-0.00835293173975299,-0.008381165289923333,0.0026359073735109165
c.3028,3028,412.5,4312.5,54.0,-0.0094,-0.008456899138620471,-0.008479335947575706,0.002867528594511733
c.3029,3029,412.5,4337.5,54.0,-0.0094,-0.007054558596959921,-0.007079222563456384,0.0024040412184496984
c.3030,3030,412.5,4362.5,54.0,-0.0094,-0.009440840976829776,-0.009573032895164747,0.002742253830187901
c.3031,3031,412.5,4387.5,54.0,-0.0094,-0.011092886158567848,-0.011032623390536084,0.002898369295574987
c.3032,3032,412.5,4412.5,54.0,-0.0094,-0.010946619157396231,-0.010872900537207894,0.0028442111284794837
c.3033,3033,412.5,4437.5,54.0,-0.0094,-0.006646493418500138,-0.006633752353188514,0.00280466345901877
c.3034,3034,412.5,4462.5,54.0,-0.0094,-0.008002304390166283,-0.008003456476194864,0.002757581229708095
c.3035,3035,412.5,4487.5,54.0,-0.0094,-0.011180175212610706,-0.011188029478987083,0.0029113978695359064
c.3036,3036,412.5,4512.5,54.0,-0.0094,-0.009585033529611172,-0.009742665967555113,0.0031589168080223074
c.3037,3037,412.5,4537.5,54.0,-0.0094,-0.009895872298435367,-0.00981769457242498,0.0032516699917094797
c.3038,3038,412.5,4562.5,54.0,-0.0094,-0.00957660007056185,-0.00972575125726907,0.0030888023180302574
c.3039,3039,412.5,4587.5,54.0,-0.0094,-0.01183104350726019,-0.01184992038856186,0.0035691719912009255
c.3040,3040,412.5,4612.5,54.0,-0.0094,-0.011251241209117836,-0.011117842233438356,0.0037805002415883505
c.3078,3078,437.5,3862.5,54.0,-0.0094,-0.009254544613832643,-0.009296380088783938,0.00376961838536539
c.3079,3079,437.5,3887.5,54.0,-0.0094,-0.009626406353464182,-0.009650237801677966,0.003355821430989556
c.3080,3080,437.5,3912.5,54.0,-0.0094,-0.011775888877177027,-0.011723374729608289,0.003070969262568065
c.3081,3081,437.5,3937.5,54.0,-0.0094,-0.012981653685148843,-0.012977204946563004,0.003012574831703006
c.3082,3082,437.5,3962.5,54.0,-0.0094,-0.012474307688286935,-0.012583944791160363,0.0025114138128942026
c.3083,3083,437.5,3987.5,54.0,-0.0094,-0.00878813468652429,-0.00879205694104121,0.0024483716823324015
c.3084,3084,437.5,4012.5,54.0,-0.0094,-0.007819570765032736,-0.007826969926352744,0.002127024203466204
c.3085,3085,437.5,4037.5,54.0,-0.0094,-0.006130166594642144,-0.006103006482825654,0.0017035763198459094
c.3086,3086,437.5,4062.5,54.0,-0.0094,-0.008988134906703379,-0.009002494789956142,0.0015232526657894137
c.3087,3087,437.5,4087.5,54.0,-0.0094,-0.007392387306363396,-0.007433663238777552,0.001639712988146155
c.3088,3088,437.5,4112.5,54.0,-0.0094,-0.0068097859671402096,-0.006802788224130042,0.0017004784709688616
c.3089,3089,437.5,4137.5,54.0,-0.0094,-0.00868746484290463,-0.00872620587146234,0.0018202692798305357
c.3090,3090,437.5,4162.5,54.0,-0.0094,-0.011758400925872233,-0.011771317131478333,0.002002801800088083
c.3091,3091,437.5,4187.5,54.0,-0.0094,-0.005489001754195746,-0.005433206565371338,0.0020673233214764854
c.3092,3092,437.5,4212.5,54.0,-0.0094,-0.0073964627783898946,-0.007512558669564091,0.0023569181517530302
c.3093,3093,437.5,4237.5,54.0,-0.0094,-0.009208677176579446,-0.009227783779059823,0.002214108894207707
c.3094,3094,437.5,4262.5,54.0,-0.0094,-0.014854382563920056,-0.01487334111192778,0.002195629712482174
c.3095,3095,437.5,4287.5,54.0,-0.0094,-0.012304294695637444,-0.012341518977076953,0.0022863014338009064
c.3096,3096,437.5,4312.5,54.0,-0.0094,-0.007278284576748087,-0.007419752504179544,0.002761613206790409
c.3097,3097,437.5,4337.5,54.0,-0.0094,-0.008919053148326058,-0.00891765438297408,0.002373644286970118
c.3098,3098,437.5,4362.5,54.0,-0.0094,-0.008467996581588548,-0.008462497592731155,0.0027628049566820684
c.3099,3099,437.5,4387.5,54.0,-0.0094,-0.011378732298486096,-0.01127848083640456,0.0025081192350497137
c.3100,3100,437.5,4412.5,54.0,-0.0094,-0.012265564077889545,-0.012277593498113627,0.0025300351663486457
c.3101,3101,437.5,4437.5,54.0,-0.0094,-0.009435417223059874,-0.009523671290871937,0.002863553819121832
c.3102,3102,437.5,4462.5,54.0,-0.0094,-0.008201498690540224,-0.008131967585589431,0.0025884788390125113
c.3103,3103,437.5,4487.5,54.0,-0.0094,-0.012205661902846832,-0.012066281577883402,0.0028462114378866865
c.3104,3104,437.5,4512.5,54.0,-0.0094,-0.011121399773732514,-0.011111161576711055,0.0030590504066614873
c.3105,3105,437.5,4537.5,54.0,-0.0094,-0.009537400642510492,-0.009539436527332943,0.0032807680705969587
c.3106,3106,437.5,4562.5,54.0,-0.0094,-0.00928249993130858,-0.00918317815280989,0.0032699969998570876
c.3107,3107,437.5,4587.5,54.0,-0.0094,-0.010174900736459604,-0.01029231972302828,0.003424823505723737
c.3108,3108,437.5,4612.5,54.0,-0.0094,-0.011508642606098803,-0.011500009314786109,0.003585280906522125
c.3109,3109,437.5,4637.5,54.0,-0.0094,-0.010985884590735137,-0.010908089760277923,0.0036776266928608852
c.3148,3148,462.5,3912.5,54.0,-0.0094,-0.013739527747546833,-0.01364657320100723,0.003279484296901917
c.3149,3149,462.5,3937.5,54.0,-0.0094,-0.014571402610103803,-0.01450245125662273,0.002981639857377187
c.3150,3150,462.5,3962.5,54.0,-0.0094,-0.01287867812618814,-0.01283693221277036,0.0025739133411016276
c.3151,3151,462.5,3987.5,54.0,-0.0094,-0.012547157817703505,-0.01247346357432947,0.0022800140301307828
c.3152,3152,462.5,4012.5,54.0,-0.0094,-0.013235161754245954,-0.013220131721298871,0.0019890550602649115
c.3153,3153,462.5,4037.5,54.0,-0.0094,-0.009613338303157849,-0.009638344925219328,0.0017527513118997522
c.3154,3154,462.5,4062.5,54.0,-0.0094,-0.011990894149665044,-0.012002651041796535,0.0014878496348352973
c.3155,3155,462.5,4087.5,54.0,-0.0094,-0.012160305850418931,-0.012150202920393817,0.0012603367513510447
c.3156,3156,462.5,4112.5,54.0,-0.0094,-0.005891275864119854,-0.0058726034556246,0.0013731375160218736
c.3157,3157,462.5,4137.5,54.0,-0.0094,-0.006977654698689341,-0.007003003613982876,0.0015513495235283947
c.3158,3158,462.5,4162.5,54.0,-0.0094,-0.005198793659179927,-0.005180363601220017,0.0016815128928594004
c.3159,3159,462.5,4187.5,54.0,-0.0094,-0.0072340534701613975,-0.007322818719715232,0.0019090226109556778
c.3160,3160,462.5,4212.5,54.0,-0.0094,-0.009325354988496026,-0.009296361709222304,0.00187182807988061
c.3161,3161,462.5,4237.5,54.0,-0.0094,-0.009163488837997608,-0.00920620606642085,0.0020142286561332418
c.3162,3162,462.5,4262.5,54.0,-0.0094,-0.010618290870123018,-0.010531688781868428,0.002169705624488543
c.3163,3163,462.5,4287.5,54.0,-0.0094,-0.017367918124985116,-0.017372521082118217,0.002025055397846031
c.3164,3164,462.5,4312.5,54.0,-0.0094,-0.018681276603111342,-0.01868256977736154,0.0021194139497993955
c.3165,3165,462.5,4337.5,54.0,-0.0094,-0.01413152441440995,-0.014101274513040364,0.001993152438200838
c.3166,3166,462.5,4362.5,54.0,-0.0094,-0.009029278837058213,-0.009006965599663375,0.0019556333607138824
c.3167,3167,462.5,4387.5,54.0,-0.0094,-0.007679564154475814,-0.007690067426127722,0.0019457546233685487
c.3168,3168,462.5,4412.5,54.0,-0.0094,-0.01433571845610142,-0.014381011915005801,0.0023282540462964897
c.3169,3169,462.5,4437.5,54.0,-0.0094,-0.012346577230123622,-0.01238051414939901,0.0027371623477984073
c.3170,3170,462.5,4462.5,54.0,-0.0094,-0.007900181068820667,-0.007872913527304137,0.002511030212253662
c.3171,3171,462.5,4487.5,54.0,-0.0094,-0.015970929175798915,-0.015918633594219897,0.0028075921998678894
c.3172,3172,462.5,4512.5,54.0,-0.0094,-0.012453630020593317,-0.012576072914650694,0.003293417137071531
c.3173,3173,462.5,4537.5,54.0,-0.0094,-0.010091343764141059,-0.010188502601020836,0.003163104827894582
c.3174,3174,462.5,4562.5,54.0,-0.0094,-0.009871751312886952,-0.009834014387625229,0.0035414267712711623
c.3175,3175,462.5,4587.5,54.0,-0.0094,-0.008484836679559184,-0.00845946584536502,0.003352421547541848
c.3176,3176,462.5,4612.5,54.0,-0.0094,-0.010019116158080113,-0.01014831641355751,0.0036045871096095803
c.3177,3177,462.5,4637.5,54.0,-0.0094,-0.009939325703155175,-0.00991756631242514,0.00380935040450454
c.3217,3217,487.5,3937.5,54.0,-0.0094,-0.01263326431389974,-0.012703215961523339,0.003240908461426124
c.3218,3218,487.5,3962.5,54.0,-0.0094,-0.009596850879218454,-0.009533284654642201,0.00216185958862211
c.3219,3219,487.5,3987.5,54.0,-0.0094,-0.005569715877022629,-0.0055534803742484685,0.0020650664624171427
c.3220,3220,487.5,4012.5,54.0,-0.0094,-0.007799546718590475,-0.007880490874831465,0.0022832329454673893
c.3221,3221,487.5,4037.5,54.0,-0.0094,-0.013050934291868982,-0.013005254843733677,0.0019299093961170286
c.3222,3222,487.5,4062.5,54.0,-0.0094,-0.015832489293455435,-0.0158536212832548,0.00205376855338334
c.3223,3223,487.5,4087.5,54.0,-0.0094,-0.013936572312208639,-0.013928353965245686,0.00181563104715641
c.3224,3224,487.5,4112.5,54.0,-0.0094,-0.0082281090811642,-0.008178014619983083,0.0018311130694336054
c.3225,3225,487.5,4137.5,54.0,-0.0094,-0.008620365626702172,-0.00861472615101679,0.0016110424992527826
c.3226,3226,487.5,4162.5,54.0,-0.0094,-0.00813519647745018,-0.008192884904519613,0.0018289353134777792
c.3227,3227,487.5,4187.5,54.0,-0.0094,-0.008691840353110289,-0.008682352755321266,0.0019278922021542055
c.3228,3228,487.5,4212.5,54.0,-0.0094,-0.00882619231343607,-0.008870434865358554,0.0018728434645392989
c.3229,3229,487.5,4237.5,54.0,-0.0094,-0.011499748174129973,-0.011511745907518505,0.001729942211761041
c.3230,3230,487.5,4262.5,54.0,-0.0094,-0.0046800552820667855,-0.004680446162593755,0.0019284542424561678
c.3231,3231,487.5,4287.5,54.0,-0.0094,-0.007097889982956106,-0.007161402958827205,0.0018186907168646542
c.3232,3232,487.5,4312.5,54.0,-0.0094,-0.012650250381270467,-0.012594509012839027,0.0017996013889501207
c.3233,3233,487.5,4337.5,54.0,-0.0094,-0.015744803656276115,-0.015747031945322537,0.0018220361987623989
c.3234,3234,487.5,4362.5,54.0,-0.0094,-0.010526861178759466,-0.010463260110898407,0.001748854947128727
c.3235,3235,487.5,4387.5,54.0,-0.0094,-0.01100029620343962,-0.010928215563038829,0.0018557731237161615
c.3236,3236,487.5,4412.5,54.0,-0.0094,-0.01784376926460186,-0.017881228915669553,0.002172704897434542
c.3237,3237,487.5,4437.5,54.0,-0.0094,-0.013020110388959096,-0.01299355427680481,0.002455056454227328
c.3238,3238,487.5,4462.5,54.0,-0.0094,-0.011960980917456844,-0.011935983353268755,0.0023907323916081747
c.3239,3239,487.5,4487.5,54.0,-0.0094,-0.015657772182757653,-0.015476671871006972,0.002835022061481326
c.3240,3240,487.5,4512.5,54.0,-0.0094,-0.011620905733785769,-0.011577372006618642,0.0030637108008352196
c.3241,3241,487.5,4537.5,54.0,-0.0094,-0.009488279865980092,-0.009607157703294626,0.0031663182365653706
c.3242,3242,487.5,4562.5,54.0,-0.0094,-0.009038108292947237,-0.009092237755915979,0.0033657249527782223
c.3243,3243,487.5,4587.5,54.0,-0.0094,-0.00888606283918552,-0.00889331160560235,0.0034012687727232025
c.3244,3244,487.5,4612.5,54.0,-0.0094,-0.007354264168388098,-0.007152552006282346,0.0032805271222697352
c.3286,3286,512.5,3962.5,54.0,-0.0094,-0.011140289705671994,-0.011204702591744583,0.0029399098379845547
c.3287,3287,512.5,3987.5,54.0,-0.0094,-0.013064997191291177,-0.013023085295970101,0.002682398239471506
c.3288,3288,512.5,4012.5,54.0,-0.0094,-0.01554477836427254,-0.015561311165159977,0.002737369424118847
c.3289,3289,512.5,4037.5,54.0,-0.0094,-0.012740689975231357,-0.01276271759039203,0.0032915363031938696
c.3290,3290,512.5,4062.5,54.0,-0.0094,-0.013618630097071064,-0.01359022056486537,0.003000974347817442
c.3291,3291,512.5,4087.5,54.0,-0.0094,-0.01186228730172605,-0.011850908311460743,0.0027002538940590665
c.3292,3292,512.5,4112.5,54.0,-0.0094,-0.0118312316001673,-0.011837846495841669,0.001870443218380552
c.3293,3293,512.5,4137.5,54.0,-0.0094,-0.00803430398958763,-0.008107728613078843,0.0022963835588733733
c.3294,3294,512.5,4162.5,54.0,-0.0094,-0.009913890589332038,-0.009790194419152158,0.002064551169561189
c.3295,3295,512.5,4187.5,54.0,-0.0094,-0.009878167254476064,-0.009837464575093328,0.00214422945604484
c.3296,3296,512.5,4212.5,54.0,-0.0094,-0.009068174411709961,-0.00900075420707263,0.0020123314637280126
c.3297,3297,512.5,4237.5,54.0,-0.0094,-0.013220908618563346,-0.013163758358953177,0.0018520161986548566
c.3298,3298,512.5,4262.5,54.0,-0.0094,-0.010242177350755584,-0.0102201261778889,0.0022147280824903457
c.3299,3299,512.5,4287.5,54.0,-0.0094,-0.006566946423000239,-0.006595068447642998,0.0017169835538430296
c.3300,3300,512.5,4312.5,54.0,-0.0094,-0.008395547036840024,-0.008422701623221271,0.0018176675059427857
c.3301,3301,512.5,4337.5,54.0,-0.0094,-0.006493690393144541,-0.006496250791162141,0.0015872592017028059
c.3302,3302,512.5,4362.5,54.0,-0.0094,-0.008081747676737049,-0.008040554878666393,0.0017626861017046185
c.3303,3303,512.5,4387.5,54.0,-0.0094,-0.007652691505586378,-0.0075973666913513906,0.0017438655679748128
c.3304,3304,512.5,4412.5,54.0,-0.0094,-0.010014690789220519,-0.01003274201850349,0.0021514268662329666
c.3305,3305,512.5,4437.5,54.0,-0.0094,-0.009485421726192232,-0.00941055971426339,0.0020470359933475115
c.3306,3306,512.5,4462.5,54.0,-0.0094,-0.010932190794269925,-0.010980218097878098,0.002103389493767852
c.3307,3307,512.5,4487.5,54.0,-0.0094,-0.008472634311981638,-0.008426888554185205,0.0024477846671824804
c.3308,3308,512.5,4512.5,54.0,-0.0094,-0.009738750841280678,-0.009715666062322586,0.002640317519092003
c.3309,3309,512.5,4537.5,54.0,-0.0094,-0.01014580709132054,-0.0102122216789279,0.0031437814767035933
c.3310,3310,512.5,4562.5,54.0,-0.0094,-0.009789192536783982,-0.009785807635477078,0.003412064481601356
c.3311,3311,512.5,4587.5,54.0,-0.0094,-0.00884238793091596,-0.008864689987560789,0.0036134120785016547
c.3312,3312,512.5,4612.5,54.0,-0.0094,-0.00824188120220757,-0.008427390709049135,0.00343772410388986
c.3354,3354,537.5,3962.5,54.0,-0.0094,-0.011146407785090136,-0.011117318773951688,0.002924850129287201
c.3355,3355,537.5,3987.5,54.0,-0.0094,-0.01530241270905775,-0.015300309856720646,0.002685028788668339
c.3356,3356,537.5,4012.5,54.0,-0.0094,-0.013861053771350279,-0.013910457959562708,0.002838596025656635
c.3357,3357,537.5,4037.5,54.0,-0.0094,-0.01106038164589922,-0.01095817978000907,0.0032153576707887707
c.3358,3358,537.5,4062.5,54.0,-0.0094,-0.012399327059649332,-0.01243765279830068,0.002959447517942352
c.3359,3359,537.5,4087.5,54.0,-0.0094,-0.011831052462802643,-0.01182449175575796,0.0026754433354251573
c.3360,3360,537.5,4112.5,54.0,-0.0094,-0.00817888148531006,-0.008067759311176998,0.0028814473191985743
c.3361,3361,537.5,4137.5,54.0,-0.0094,-0.009121881456089187,-0.009096755358021558,0.0025892220047876707
c.3362,3362,537.5,4162.5,54.0,-0.0094,-0.013124626643506863,-0.013245292399725765,0.002446593435945864
c.3363,3363,537.5,4187.5,54.0,-0.0094,-0.011353335850489914,-0.01135133537537546,0.0025558654562043296
c.3364,3364,537.5,4212.5,54.0,-0.0094,-0.009965131702596022,-0.010032686369523855,0.0023201600363748627
c.3365,3365,537.5,4237.5,54.0,-0.0094,-0.005781698423339873,-0.005744797748815044,0.002271349198413788
c.3366,3366,537.5,4262.5,54.0,-0.0094,-0.006336167901841,-0.006359866507186182,0.0021419740778615927
c.3367,3367,537.5,4287.5,54.0,-0.0094,-0.007117103264201027,-0.007163719501294437,0.0017703991607808803
c.3368,3368,537.5,4312.5,54.0,-0.0094,-0.0064361339764691895,-0.006436789117998132,0.001791013136540627
c.3369,3369,537.5,4337.5,54.0,-0.0094,-0.008493252038280504,-0.0084769779248127,0.001796612167970917
c.3370,3370,537.5,4362.5,54.0,-0.0094,-0.005943145664807744,-0.005948810898235272,0.0016405536491192394
c.3371,3371,537.5,4387.5,54.0,-0.0094,-0.008227925113791985,-0.00826483145811827,0.0018513442773761325
c.3372,3372,537.5,4412.5,54.0,-0.0094,-0.006520370611904349,-0.006410102158235353,0.001980896213891523
c.3373,3373,537.5,4437.5,54.0,-0.0094,-0.00619627534873423,-0.006244471144890588,0.002030576036090404
c.3374,3374,537.5,4462.5,54.0,-0.0094,-0.006038086282058676,-0.006075028816884855,0.0021054165295364105
c.3375,3375,537.5,4487.5,54.0,-0.0094,-0.0058095381151986895,-0.005816731511649487,0.0023826924147093112
c.3376,3376,537.5,4512.5,54.0,-0.0094,-0.007091982335616528,-0.007064314423313907,0.0026438593093117504
c.3377,3377,537.5,4537.5,54.0,-0.0094,-0.007773720729636863,-0.007808567715056605,0.003141296200543013
c.3378,3378,537.5,4562.5,54.0,-0.0094,-0.007660987133360826,-0.007549704930116334,0.003350291236367052
c.3379,3379,537.5,4587.5,54.0,-0.0094,-0.008515717901007282,-0.0085082451967752,0.0032473416472948435
c.3422,3422,562.5,3962.5,54.0,-0.0094,-0.0073884294685814846,-0.007331589564620088,0.0029328054486748804
c.3423,3423,562.5,3987.5,54.0,-0.0094,-0.013959878215155331,-0.01389769352401627,0.0029915390623688506
c.3424,3424,562.5,4012.5,54.0,-0.0094,-0.011003174746100927,-0.010937428037625246,0.003649681666810254
c.3426,3426,562.5,4062.5,54.0,-0.0094,-0.012026762848197335,-0.012037450384068598,0.0028623617059196265
c.3427,3427,562.5,4087.5,54.0,-0.0094,-0.01172515614355794,-0.011776898845505184,0.0032460342828440824
c.3428,3428,562.5,4112.5,54.0,-0.0094,-0.009104412018240728,-0.009159613666885499,0.0028567986558461116
c.3429,3429,562.5,4137.5,54.0,-0.0094,-0.011637818753403271,-0.011602011780580916,0.0029194163517744154
c.3430,3430,562.5,4162.5,54.0,-0.0094,-0.010906069086954108,-0.010887070492459367,0.002280254584860967
c.3431,3431,562.5,4187.5,54.0,-0.0094,-0.009310024085483693,-0.00939588684060894,0.0023035433884043763
c.3432,3432,562.5,4212.5,54.0,-0.0094,-0.012069422167811972,-0.01211139156720473,0.002271441409594656
c.3433,3433,562.5,4237.5,54.0,-0.0094,-0.008515458863569173,-0.008494290261821892,0.0020433232481295947
c.3434,3434,562.5,4262.5,54.0,-0.0094,-0.010436417293536586,-0.010422172292312331,0.0021569742229244856
c.3435,3435,562.5,4287.5,54.0,-0.0094,-0.012491076186528947,-0.012454925969117226,0.0020762144963716216
c.3436,3436,562.5,4312.5,54.0,-0.0094,-0.008448981625520713,-0.008401632598544036,0.0018721712456449427
c.3437,3437,562.5,4337.5,54.0,-0.0094,-0.00888649348515544,-0.008815981622971258,0.0018708483184732214
c.3438,3438,562.5,4362.5,54.0,-0.0094,-0.00902570758536138,-0.009031487929906913,0.0018080933084513285
c.3439,3439,562.5,4387.5,54.0,-0.0094,-0.004454835550105231,-0.004492346859865118,0.0018115947711725099
c.3440,3440,562.5,4412.5,54.0,-0.0094,-0.006582398208529093,-0.006556944480950158,0.0018851474996164138
c.3441,3441,562.5,4437.5,54.0,-0.0094,-0.007858795877825016,-0.007828094656316368,0.0020364183324341812
c.3442,3442,562.5,4462.5,54.0,-0.0094,-0.007058629433916261,-0.006980042714728222,0.0021530444171009586
c.3443,3443,562.5,4487.5,54.0,-0.0094,-0.006125946615337253,-0.0061501009900784675,0.002560532853731011
c.3444,3444,562.5,4512.5,54.0,-0.0094,-0.0065441756891002865,-0.00656482336103985,0.0030960723222505093
c.3445,3445,562.5,4537.5,54.0,-0.0094,-0.0075730110578757425,-0.007462080082802663,0.00317463280779751
c.3446,3446,562.5,4562.5,54.0,-0.0094,-0.00790385055960433,-0.008024209207973343,0.0035231599361347558
c.3453,3453,562.5,4737.5,54.0,-0.0094,-0.009541435525013485,-0.009695202955803868,0.003656456433137964
c.3490,3490,587.5,3962.5,54.0,-0.0094,-0.00886967269558448,-0.008758687286005125,0.00320606856432072
c.3491,3491,587.5,3987.5,54.0,-0.0094,-0.010039501833324816,-0.010046198157283357,0.0036251832255199327
c.3494,3494,587.5,4062.5,54.0,-0.0094,-0.010725100076411613,-0.010653827840040951,0.00352391228981294
c.3496,3496,587.5,4112.5,54.0,-0.0094,-0.010654461433749722,-0.010602783890699779,0.003123776017454157
c.3497,3497,587.5,4137.5,54.0,-0.0094,-0.012415743018536412,-0.012364485676283765,0.002774525505994206
c.3498,3498,587.5,4162.5,54.0,-0.0094,-0.009219247735556936,-0.009249264575970296,0.002542097762400135
c.3499,3499,587.5,4187.5,54.0,-0.0094,-0.011272699004236289,-0.011256960260409303,0.002450356608732814
c.3500,3500,587.5,4212.5,54.0,-0.0094,-0.012040652257223122,-0.01209090981486366,0.0023452605637819374
c.3501,3501,587.5,4237.5,54.0,-0.0094,-0.010222252800636837,-0.010172442213680355,0.0025001000031021296
c.3502,3502,587.5,4262.5,54.0,-0.0094,-0.010760472232076716,-0.010690171479324113,0.002638206228607189
c.3503,3503,587.5,4287.5,54.0,-0.0094,-0.010325488518009917,-0.010261488988128287,0.0023660485789572415
c.3504,3504,587.5,4312.5,54.0,-0.0094,-0.010064244144500432,-0.0100879428447589,0.0021128393018151215
c.3505,3505,587.5,4337.5,54.0,-0.0094,-0.012177226133726663,-0.012165875948380743,0.002073060097166379
c.3506,3506,587.5,4362.5,54.0,-0.0094,-0.012817362563178121,-0.012847251401867614,0.001816945286694945
c.3507,3507,587.5,4387.5,54.0,-0.0094,-0.01017286079442088,-0.010152050291519192,0.0016373629668759507
c.3508,3508,587.5,4412.5,54.0,-0.0094,-0.01177012620530231,-0.011696769748223416,0.0017961907612417632
c.3509,3509,587.5,4437.5,54.0,-0.0094,-0.012536080314143353,-0.012488118081847204,0.002056851741042134
c.3510,3510,587.5,4462.5,54.0,-0.0094,-0.012049619925768633,-0.012090311399461507,0.002597413606531308
c.3511,3511,587.5,4487.5,54.0,-0.0094,-0.0070067596463928026,-0.006925570026704329,0.0027593053056416007
c.3512,3512,587.5,4512.5,54.0,-0.0094,-0.008135096912906372,-0.008075654263380526,0.003332046102302532
c.3513,3513,587.5,4537.5,54.0,-0.0094,-0.007645571243710844,-0.007590536060975432,0.003331549606650803
c.3514,3514,587.5,4562.5,54.0,-0.0094,-0.008464914790452865,-0.008478931358333773,0.0036591404637584383
c.3520,3520,587.5,4712.5,54.0,-0.0094,-0.009953949524420734,-0.009932739289894025,0.0035260217791348567
c.3521,3521,587.5,4737.5,54.0,-0.0094,-0.00970162891002056,-0.009672790980399408,0.0036186055537684313
c.3564,3564,612.5,4112.5,54.0,-0.0094,-0.01043881126810755,-0.010392665132668427,0.0037068056646702677
c.3565,3565,612.5,4137.5,54.0,-0.0094,-0.009807437867298105,-0.009810739171705538,0.0024361539224575703
c.3566,3566,612.5,4162.5,54.0,-0.0094,-0.013907817729305091,-0.01387972459998801,0.002464266422207144
c.3567,3567,612.5,4187.5,54.0,-0.0094,-0.012696668003536412,-0.012627076063805993,0.002126721319970419
c.3568,3568,612.5,4212.5,54.0,-0.0094,-0.01176222452774181,-0.011786585928177442,0.0023382448506109213
c.3569,3569,612.5,4237.5,54.0,-0.0094,-0.01146848261009518,-0.011513622522265461,0.002840166580573472
c.3570,3570,612.5,4262.5,54.0,-0.0094,-0.011203136655694269,-0.011194807453170023,0.003246716286773892
c.3571,3571,612.5,4287.5,54.0,-0.0094,-0.010791955775862437,-0.01067411769011532,0.002941165321050271
c.3572,3572,612.5,4312.5,54.0,-0.0094,-0.012065758021056272,-0.012018096521107446,0.0022171896978507833
c.3573,3573,612.5,4337.5,54.0,-0.0094,-0.012250247096072699,-0.012201881531859245,0.0017125894859518756
c.3574,3574,612.5,4362.5,54.0,-0.0094,-0.007169502486964521,-0.007187578781331671,0.0018687005224071389
c.3575,3575,612.5,4387.5,54.0,-0.0094,-0.011066242650046045,-0.011087433475589051,0.0021379171458943535
c.3576,3576,612.5,4412.5,54.0,-0.0094,-0.014189545330267726,-0.014251442925872982,0.0021697215801066124
c.3577,3577,612.5,4437.5,54.0,-0.0094,-0.01009920464991393,-0.010226161322798565,0.002550478051772698
c.3578,3578,612.5,4462.5,54.0,-0.0094,-0.01226366833214154,-0.01229660767154448,0.0026524163087697315
c.3579,3579,612.5,4487.5,54.0,-0.0094,-0.009106927045729801,-0.009047862764306504,0.0030119542295834116
c.3580,3580,612.5,4512.5,54.0,-0.0094,-0.008100247495208041,-0.008101883803629991,0.0031619259568656665
c.3581,3581,612.5,4537.5,54.0,-0.0094,-0.008379889996154532,-0.00825584679017527,0.0036196579427495426
c.3585,3585,612.5,4637.5,54.0,-0.0094,-0.00983175218007905,-0.009693785323953279,0.003457431823949857
c.3586,3586,612.5,4662.5,54.0,-0.0094,-0.009954010049505569,-0.010006030204292488,0.003640845152938902
c.3587,3587,612.5,4687.5,54.0,-0.0094,-0.010563724771441182,-0.010689522462309888,0.0035396313068141415
c.3588,3588,612.5,4712.5,54.0,-0.0094,-0.010611534304967604,-0.0106110156246606,0.003329043780341168
c.3589,3589,612.5,4737.5,54.0,-0.0094,-0.009924885162637896,-0.00991373773335509,0.003491335120212771
c.3633,3633,637.5,4137.5,54.0,-0.0094,-0.010863893531251658,-0.010776211269305353,0.0036042568718423216
c.3634,3634,637.5,4162.5,54.0,-0.0094,-0.010796602274530453,-0.010898433106619303,0.003453910322682942
c.3635,3635,637.5,4187.5,54.0,-0.0094,-0.008881135969866373,-0.00892342583116114,0.0034557151243952144
c.3636,3636,637.5,4212.5,54.0,-0.0094,-0.009867249840942756,-0.00976614916671988,0.002629925654032753
c.3637,3637,637.5,4237.5,54.0,-0.0094,-0.010898504678994956,-0.010863434101506416,0.002783369407391939
c.3638,3638,637.5,4262.5,54.0,-0.0094,-0.011413542020357926,-0.011454761298210846,0.002953506011436689
c.3639,3639,637.5,4287.5,54.0,-0.0094,-0.011622291319178935,-0.011613551084755439,0.002965827121648537
c.3640,3640,637.5,4312.5,54.0,-0.0094,-0.010435853657312255,-0.010360300319333174,0.003105549670524003
c.3641,3641,637.5,4337.5,54.0,-0.0094,-0.011294242244368926,-0.011335268166586658,0.0034505319903980034
c.3642,3642,637.5,4362.5,54.0,-0.0094,-0.014621724091405719,-0.014651369863943643,0.0022355930880886966
c.3643,3643,637.5,4387.5,54.0,-0.0094,-0.011224053435175452,-0.011274764854703915,0.0026079097653248662
c.3644,3644,637.5,4412.5,54.0,-0.0094,-0.013598521715831868,-0.013633306301843472,0.0025371175406378992
c.3645,3645,637.5,4437.5,54.0,-0.0094,-0.012150575452827534,-0.012119318819728383,0.0022084364588795618
c.3646,3646,637.5,4462.5,54.0,-0.0094,-0.013370320957651793,-0.013375621282237005,0.0025701828144436816
c.3647,3647,637.5,4487.5,54.0,-0.0094,-0.00967371994271829,-0.009627218313092196,0.0029267009746260556
c.3648,3648,637.5,4512.5,54.0,-0.0094,-0.00905611779889631,-0.009041497072600234,0.0034389939304804093
c.3650,3650,637.5,4562.5,54.0,-0.0094,-0.009089877543521259,-0.008992749912302363,0.003485419416833631
c.3651,3651,637.5,4587.5,54.0,-0.0094,-0.009190075620601913,-0.009206713912174126,0.003390399196795799
c.3652,3652,637.5,4612.5,54.0,-0.0094,-0.009308803382994472,-0.009267108623850277,0.0036862453733386502
c.3653,3653,637.5,4637.5,54.0,-0.0094,-0.010174129469869954,-0.010312555160661981,0.0036094387224323426
c.3654,3654,637.5,4662.5,54.0,-0.0094,-0.0118008613670457,-0.011731691086484627,0.0034124741515099426
c.3655,3655,637.5,4687.5,54.0,-0.0094,-0.012552900510941947,-0.012508538452097987,0.0033068567200169
c.3656,3656,637.5,4712.5,54.0,-0.0094,-0.0110044727219657,-0.010998562944338399,0.0035630864919540565
c.3657,3657,637.5,4737.5,54.0,-0.0094,-0.010128308009546989,-0.010140033400917266,0.003439709046452994
c.3704,3704,662.5,4212.5,54.0,-0.0094,-0.007912667190944415,-0.007885156607182281,0.0026575407017510513
c.3705,3705,662.5,4237.5,54.0,-0.0094,-0.010993130673851976,-0.010862551396119274,0.0025265698281961564
c.3706,3706,662.5,4262.5,54.0,-0.0094,-0.011152822095066395,-0.011214712309774609,0.0031063599236159497
c.3707,3707,662.5,4287.5,54.0,-0.0094,-0.010634815494994135,-0.01072680702101884,0.00351306907276126
c.3711,3711,662.5,4387.5,54.0,-0.0094,-0.013684722909465586,-0.01371694336953419,0.0028986760361534255
c.3712,3712,662.5,4412.5,54.0,-0.0094,-0.012157415612148814,-0.0120906154738466,0.0032889158887791548
c.3713,3713,662.5,4437.5,54.0,-0.0094,-0.014395473196954655,-0.014411498933740758,0.002760255943621927
c.3714,3714,662.5,4462.5,54.0,-0.0094,-0.012119938323708203,-0.012104998384352118,0.0022033698495051613
c.3715,3715,662.5,4487.5,54.0,-0.0094,-0.009860610372710576,-0.00970031751246054,0.003301405650108416
c.3716,3716,662.5,4512.5,54.0,-0.0094,-0.009351641128946445,-0.009220948577704106,0.0032463751813271934
c.3717,3717,662.5,4537.5,54.0,-0.0094,-0.009074505501987299,-0.009043607867508002,0.0035999064515818227
c.3718,3718,662.5,4562.5,54.0,-0.0094,-0.009180172052248256,-0.009147177434175615,0.0036521475531425536
c.3722,3722,662.5,4662.5,54.0,-0.0094,-0.01160886279026295,-0.011626162374995086,0.0034875044530860485
c.3723,3723,662.5,4687.5,54.0,-0.0094,-0.012251087397310194,-0.012269209684320253,0.0033659336322369266
c.3724,3724,662.5,4712.5,54.0,-0.0094,-0.011423060543856682,-0.011368234031730626,0.0034383535177926632
c.3725,3725,662.5,4737.5,54.0,-0.0094,-0.010448440604012517,-0.01022186508830035,0.003522436117396798
c.3772,3772,687.5,4212.5,54.0,-0.0094,-0.00907786550094391,-0.008944672783688878,0.0036798586158875487
c.3773,3773,687.5,4237.5,54.0,-0.0094,-0.009745927718461061,-0.009717359623953477,0.0035880870328712858
c.3779,3779,687.5,4387.5,54.0,-0.0094,-0.011849102559115369,-0.011894434670577875,0.0035373911318504307
c.3781,3781,687.5,4437.5,54.0,-0.0094,-0.01280536103088018,-0.012787259318554067,0.00372733673581423
c.3782,3782,687.5,4462.5,54.0,-0.0094,-0.01041378754932865,-0.01039162295416001,0.002885866444884457
c.3789,3789,687.5,4637.5,54.0,-0.0094,-0.010322085217952873,-0.010370946668545319,0.004024598945999316
c.3790,3790,687.5,4662.5,54.0,-0.0094,-0.011555795917310558,-0.011573418198502394,0.003580676588670904
c.3791,3791,687.5,4687.5,54.0,-0.0094,-0.010297362553473202,-0.010402974769436305,0.0033130272966559004
c.3792,3792,687.5,4712.5,54.0,-0.0094,-0.010744634576609522,-0.01058962644137033,0.0035424202914649595
c.3793,3793,687.5,4737.5,54.0,-0.0094,-0.010645854207084861,-0.0105212800220233,0.003671395140394914
c.3794,3794,687.5,4762.5,54.0,-0.0094,-0.01048602039086386,-0.010438979434605209,0.0039343967021832245
c.3795,3795,687.5,4787.5,54.0,-0.0094,-0.011047711641830243,-0.011102906837082215,0.0037359720681888107
c.3849,3849,712.5,4437.5,54.0,-0.0094,-0.010697459648800697,-0.010711064499958962,0.0037892129409458452
c.3858,3858,712.5,4662.5,54.0,-0.0094,-0.010961782661064737,-0.010661376029640728,0.003358259812589591
c.3859,3859,712.5,4687.5,54.0,-0.0094,-0.008492835785653628,-0.008479434234478465,0.0031413827837881384
c.3860,3860,712.5,4712.5,54.0,-0.0094,-0.010427687422282058,-0.01043931481800299,0.003231997753466614
c.3861,3861,712.5,4737.5,54.0,-0.0094,-0.010836222235567345,-0.010768568488309734,0.0036819456478715956
c.3862,3862,712.5,4762.5,54.0,-0.0094,-0.011927678290670273,-0.012089956944404416,0.0035410951528955324
c.3863,3863,712.5,4787.5,54.0,-0.0094,-0.011250313057916609,-0.01102961831650128,0.003595285579613569
c.3864,3864,712.5,4812.5,54.0,-0.0094,-0.009843677428208653,-0.009766728837946242,0.003635391517593542
c.3865,3865,712.5,4837.5,54.0,-0.0094,-0.009145082493962323,-0.009249077969775883,0.00331191083097617
c.3866,3866,712.5,4862.5,54.0,-0.0094,-0.009430601989627746,-0.009487593571042025,0.0037357813204417735
c.3926,3926,737.5,4662.5,54.0,-0.0094,-0.009970765323211684,-0.009988286987855633,0.003425796419649548
c.3927,3927,737.5,4687.5,54.0,-0.0094,-0.009220267819021535,-0.009249260380257557,0.003080496761277479
c.3928,3928,737.5,4712.5,54.0,-0.0094,-0.010769809623408117,-0.010741597531724826,0.0032092001336699017
c.3929,3929,737.5,4737.5,54.0,-0.0094,-0.012238387257555999,-0.01226919023429663,0.0033354317763391846
c.3930,3930,737.5,4762.5,54.0,-0.0094,-0.012579682731896111,-0.012621211475968466,0.0032752240418078603
c.3931,3931,737.5,4787.5,54.0,-0.0094,-0.010371997322267658,-0.010216341135986374,0.0033508153899939053
c.3932,3932,737.5,4812.5,54.0,-0.0094,-0.009161863657824737,-0.00900441406114626,0.003624650155105538
c.3995,3995,762.5,4687.5,54.0,-0.0094,-0.0097168264658331,-0.00982121632150857,0.0035299296105908264
c.3996,3996,762.5,4712.5,54.0,-0.0094,-0.011361609812080247,-0.011442114388749064,0.002950212559563522
c.3997,3997,762.5,4737.5,54.0,-0.0094,-0.01202096390492988,-0.012126830261168672,0.0030997902166641344
c.3998,3998,762.5,4762.5,54.0,-0.0094,-0.010438809621914543,-0.01049599735135234,0.0036156235039901245
c.4064,4064,787.5,4712.5,54.0,-0.0094,-0.009227771730753188,-0.009241765322244935,0.003088489353629127
c.4065,4065,787.5,4737.5,54.0,-0.0094,-0.008823170670158269,-0.008676103875275537,0.0030626309351061663
c.4066,4066,787.5,4762.5,54.0,-0.0094,-0.008702993164305669,-0.008745591619989987,0.0032114126194289676
c.4067,4067,787.5,4787.5,54.0,-0.0094,-0.008865989871299034,-0.008821211757797133,0.003637302562390905
c.4068,4068,787.5,4812.5,54.0,-0.0094,-0.009148607447749707,-0.009073287091860376,0.0036842468469818986
c.4133,4133,812.5,4737.5,54.0,-0.0094,-0.00868531644617304,-0.008765507610576014,0.0032857600840859483
c.4134,4134,812.5,4762.5,54.0,-0.0094,-0.00857001989196104,-0.00855498754886572,0.003184044195119411
c.4135,4135,812.5,4787.5,54.0,-0.0094,-0.00783888322010491,-0.007784204009619087,0.003687080941102256
c.4136,4136,812.5,4812.5,54.0,-0.0094,-0.008115373059777463,-0.007996191920965082,0.0032382187665635186
c.4137,4137,812.5,4837.5,54.0,-0.0094,-0.00862938237134475,-0.008515456158995731,0.0032973229723458224
c.4138,4138,812.5,4862.5,54.0,-0.0094,-0.009191413433889285,-0.009096153420976812,0.0034957777758793497
c.4139,4139,812.5,4887.5,54.0,-0.0094,-0.009255259457127933,-0.009152776416413853,0.003548205617775198
c.4202,4202,837.5,4762.5,54.0,-0.0094,-0.00910650790553905,-0.009047089475692084,0.0031758466975240207
c.4203,4203,837.5,4787.5,54.0,-0.0094,-0.008913885911328372,-0.008783037935721237,0.0035190320788133812
c.4205,4205,837.5,4837.5,54.0,-0.0094,-0.009212994394420082,-0.009175430775603238,0.0034649824407023545
c.4206,4206,837.5,4862.5,54.0,-0.0094,-0.008915301194278847,-0.008688689623492313,0.003564546550145252
c.4207,4207,837.5,4887.5,54.0,-0.0094,-0.009294490604695652,-0.009274529512566526,0.0036415752966710148
c.4271,4271,862.5,4787.5,54.0,-0.0094,-0.009358792415561736,-0.009188702921362885,0.003628695329356897
